0,1,2,3,4,5,6,7,8
KakaoTalk_Photo_2022-02-17-14-18-05-77.jpeg,1080,1440,0,953,322,974,348,0
KakaoTalk_Photo_2022-02-17-14-18-05-77.jpeg,1080,1440,0,975,326,998,348,0
KakaoTalk_Photo_2022-02-17-14-18-05-77.jpeg,1080,1440,0,942,371,969,398,0
KakaoTalk_Photo_2022-02-17-14-18-05-77.jpeg,1080,1440,0,970,374,995,400,0
KakaoTalk_Photo_2022-02-17-14-18-05-77.jpeg,1080,1440,0,410,507,426,525,0
KakaoTalk_Photo_2022-02-17-14-18-05-77.jpeg,1080,1440,0,412,474,430,491,0
KakaoTalk_Photo_2022-02-17-14-18-05-77.jpeg,1080,1440,0,467,376,480,397,0
KakaoTalk_Photo_2022-02-17-14-18-05-77.jpeg,1080,1440,1,463,444,474,466,0
KakaoTalk_Photo_2022-02-17-14-18-05-77.jpeg,1080,1440,1,392,538,411,567,0
KakaoTalk_Photo_2022-02-17-14-18-05-77.jpeg,1080,1440,1,282,663,294,699,0
KakaoTalk_Photo_2022-02-17-14-18-05-77.jpeg,1080,1440,1,293,671,305,701,0
KakaoTalk_Photo_2022-02-17-14-18-05-77.jpeg,1080,1440,1,334,522,344,546,0
KakaoTalk_Photo_2022-02-17-14-18-05-77.jpeg,1080,1440,1,349,773,363,800,0
KakaoTalk_Photo_2022-02-17-14-18-05-77.jpeg,1080,1440,1,219,317,236,339,0
KakaoTalk_Photo_2022-02-17-14-18-05-77.jpeg,1080,1440,2,359,524,377,548,0
KakaoTalk_Photo_2022-02-17-14-18-05-77.jpeg,1080,1440,2,409,543,433,568,0
KakaoTalk_Photo_2022-02-17-14-18-05-77.jpeg,1080,1440,2,441,504,463,531,0
KakaoTalk_Photo_2022-02-17-14-18-05-77.jpeg,1080,1440,2,443,476,459,501,0
KakaoTalk_Photo_2022-02-17-14-18-05-77.jpeg,1080,1440,2,442,442,461,464,0
KakaoTalk_Photo_2022-02-17-14-18-05-77.jpeg,1080,1440,2,300,631,327,666,0
KakaoTalk_Photo_2022-02-17-14-18-05-77.jpeg,1080,1440,2,322,811,341,836,0
KakaoTalk_Photo_2022-02-17-14-18-05-77.jpeg,1080,1440,2,315,850,332,874,0
KakaoTalk_Photo_2022-02-17-14-18-05-77.jpeg,1080,1440,3,419,399,436,425,0
KakaoTalk_Photo_2022-02-17-14-18-05-77.jpeg,1080,1440,3,452,370,466,392,0
KakaoTalk_Photo_2022-02-17-14-18-05-77.jpeg,1080,1440,3,998,370,1022,411,0
KakaoTalk_Photo_2022-02-17-14-18-05-77.jpeg,1080,1440,4,343,731,361,758,0
KakaoTalk_Photo_2022-02-17-14-18-05-77.jpeg,1080,1440,4,328,638,349,674,0
KakaoTalk_Photo_2022-02-17-14-18-05-77.jpeg,1080,1440,5,337,484,365,515,0
KakaoTalk_Photo_2022-02-17-14-18-05-77.jpeg,1080,1440,5,464,511,477,535,0
KakaoTalk_Photo_2022-02-17-14-18-05-77.jpeg,1080,1440,5,998,326,1028,352,0
KakaoTalk_Photo_2022-02-17-14-18-05-77.jpeg,1080,1440,5,1001,605,1024,630,0
KakaoTalk_Photo_2022-02-17-14-18-05-77.jpeg,1080,1440,6,294,477,316,508,0
KakaoTalk_Photo_2022-02-17-14-18-05-77.jpeg,1080,1440,6,301,707,326,735,0
KakaoTalk_Photo_2022-02-17-14-18-05-77.jpeg,1080,1440,6,298,748,321,778,0
KakaoTalk_Photo_2022-02-17-14-18-05-77.jpeg,1080,1440,6,276,836,297,866,0
KakaoTalk_Photo_2022-02-17-14-18-05-77.jpeg,1080,1440,6,284,795,302,824,0
KakaoTalk_Photo_2022-02-17-14-18-05-77.jpeg,1080,1440,6,420,359,438,386,0
KakaoTalk_Photo_2022-02-17-14-18-05-77.jpeg,1080,1440,6,262,428,288,464,0
KakaoTalk_Photo_2022-02-17-14-18-05-77.jpeg,1080,1440,7,280,551,302,583,0
KakaoTalk_Photo_2022-02-17-14-18-05-77.jpeg,1080,1440,7,410,436,432,460,0
KakaoTalk_Photo_2022-02-17-14-18-05-77.jpeg,1080,1440,6,261,625,283,658,0
KakaoTalk_Photo_2022-02-17-14-18-05-77.jpeg,1080,1440,6,940,660,954,682,0
KakaoTalk_Photo_2022-02-17-14-18-05-77.jpeg,1080,1440,6,961,663,982,693,0
KakaoTalk_Photo_2022-02-17-14-18-05-77.jpeg,1080,1440,9,473,413,487,439,0
KakaoTalk_Photo_2022-02-17-14-18-05-77.jpeg,1080,1440,9,435,407,453,431,0
KakaoTalk_Photo_2022-02-17-14-18-05-76.jpeg,1080,1440,9,221,293,254,338,1
KakaoTalk_Photo_2022-02-17-14-18-05-76.jpeg,1080,1440,9,215,368,244,409,1
KakaoTalk_Photo_2022-02-17-14-18-05-76.jpeg,1080,1440,9,473,361,495,405,1
KakaoTalk_Photo_2022-02-17-14-18-05-76.jpeg,1080,1440,8,365,553,386,585,1
KakaoTalk_Photo_2022-02-17-14-18-05-76.jpeg,1080,1440,8,321,666,345,700,1
KakaoTalk_Photo_2022-02-17-14-18-05-76.jpeg,1080,1440,7,949,356,969,392,1
KakaoTalk_Photo_2022-02-17-14-18-05-76.jpeg,1080,1440,7,310,502,326,538,1
KakaoTalk_Photo_2022-02-17-14-18-05-76.jpeg,1080,1440,6,511,289,535,326,1
KakaoTalk_Photo_2022-02-17-14-18-05-76.jpeg,1080,1440,6,407,636,428,670,1
KakaoTalk_Photo_2022-02-17-14-18-05-76.jpeg,1080,1440,6,428,459,449,490,1
KakaoTalk_Photo_2022-02-17-14-18-05-76.jpeg,1080,1440,6,421,491,439,520,1
KakaoTalk_Photo_2022-02-17-14-18-05-76.jpeg,1080,1440,6,605,391,621,417,1
KakaoTalk_Photo_2022-02-17-14-18-05-76.jpeg,1080,1440,6,446,718,464,743,1
KakaoTalk_Photo_2022-02-17-14-18-05-76.jpeg,1080,1440,6,446,767,467,794,1
KakaoTalk_Photo_2022-02-17-14-18-05-76.jpeg,1080,1440,6,445,807,461,836,1
KakaoTalk_Photo_2022-02-17-14-18-05-76.jpeg,1080,1440,6,444,841,462,877,1
KakaoTalk_Photo_2022-02-17-14-18-05-76.jpeg,1080,1440,5,357,478,378,503,1
KakaoTalk_Photo_2022-02-17-14-18-05-76.jpeg,1080,1440,4,288,420,312,457,1
KakaoTalk_Photo_2022-02-17-14-18-05-76.jpeg,1080,1440,4,470,646,489,684,1
KakaoTalk_Photo_2022-02-17-14-18-05-76.jpeg,1080,1440,4,470,734,494,763,1
KakaoTalk_Photo_2022-02-17-14-18-05-76.jpeg,1080,1440,4,650,535,667,559,1
KakaoTalk_Photo_2022-02-17-14-18-05-76.jpeg,1080,1440,3,945,309,968,342,1
KakaoTalk_Photo_2022-02-17-14-18-05-76.jpeg,1080,1440,3,968,311,996,347,1
KakaoTalk_Photo_2022-02-17-14-18-05-76.jpeg,1080,1440,3,363,249,387,285,1
KakaoTalk_Photo_2022-02-17-14-18-05-76.jpeg,1080,1440,3,352,515,373,542,1
KakaoTalk_Photo_2022-02-17-14-18-05-76.jpeg,1080,1440,3,428,418,452,458,1
KakaoTalk_Photo_2022-02-17-14-18-05-76.jpeg,1080,1440,3,422,567,439,597,1
KakaoTalk_Photo_2022-02-17-14-18-05-76.jpeg,1080,1440,3,654,500,669,526,1
KakaoTalk_Photo_2022-02-17-14-18-05-76.jpeg,1080,1440,3,490,866,508,894,1
KakaoTalk_Photo_2022-02-17-14-18-05-76.jpeg,1080,1440,3,552,302,575,338,1
KakaoTalk_Photo_2022-02-17-14-18-05-76.jpeg,1080,1440,2,224,422,247,448,1
KakaoTalk_Photo_2022-02-17-14-18-05-76.jpeg,1080,1440,2,261,423,287,448,1
KakaoTalk_Photo_2022-02-17-14-18-05-76.jpeg,1080,1440,2,338,249,363,276,1
KakaoTalk_Photo_2022-02-17-14-18-05-76.jpeg,1080,1440,2,467,426,500,454,1
KakaoTalk_Photo_2022-02-17-14-18-05-76.jpeg,1080,1440,2,641,467,655,485,1
KakaoTalk_Photo_2022-02-17-14-18-05-76.jpeg,1080,1440,2,640,498,655,517,1
KakaoTalk_Photo_2022-02-17-14-18-05-76.jpeg,1080,1440,2,302,621,326,655,1
KakaoTalk_Photo_2022-02-17-14-18-05-76.jpeg,1080,1440,2,444,643,467,678,1
KakaoTalk_Photo_2022-02-17-14-18-05-76.jpeg,1080,1440,2,209,221,234,247,1
KakaoTalk_Photo_2022-02-17-14-18-05-76.jpeg,1080,1440,2,251,229,271,254,1
KakaoTalk_Photo_2022-02-17-14-18-05-76.jpeg,1080,1440,2,432,353,459,383,1
KakaoTalk_Photo_2022-02-17-14-18-05-76.jpeg,1080,1440,1,308,238,327,275,1
KakaoTalk_Photo_2022-02-17-14-18-05-76.jpeg,1080,1440,1,266,310,291,340,1
KakaoTalk_Photo_2022-02-17-14-18-05-76.jpeg,1080,1440,1,312,471,323,493,1
KakaoTalk_Photo_2022-02-17-14-18-05-76.jpeg,1080,1440,1,341,478,355,501,1
KakaoTalk_Photo_2022-02-17-14-18-05-76.jpeg,1080,1440,1,313,544,326,570,1
KakaoTalk_Photo_2022-02-17-14-18-05-76.jpeg,1080,1440,1,451,572,461,596,1
KakaoTalk_Photo_2022-02-17-14-18-05-76.jpeg,1080,1440,1,462,570,473,595,1
KakaoTalk_Photo_2022-02-17-14-18-05-76.jpeg,1080,1440,0,919,308,944,334,1
KakaoTalk_Photo_2022-02-17-14-18-05-76.jpeg,1080,1440,0,921,355,946,375,1
KakaoTalk_Photo_2022-02-17-14-18-05-76.jpeg,1080,1440,0,971,367,989,392,1
KakaoTalk_Photo_2022-02-17-14-18-05-76.jpeg,1080,1440,0,614,497,629,518,1
KakaoTalk_Photo_2022-02-17-14-18-05-76.jpeg,1080,1440,0,234,226,250,250,1
KakaoTalk_Photo_2022-02-17-14-18-05-76.jpeg,1080,1440,0,272,235,291,258,1
KakaoTalk_Photo_2022-02-17-14-18-05-76.jpeg,1080,1440,4,347,627,374,660,1
KakaoTalk_Photo_2022-02-17-14-18-05-76.jpeg,1080,1440,2,471,780,488,802,1
KakaoTalk_Photo_2022-02-17-14-18-05-76.jpeg,1080,1440,4,463,466,493,493,1
KakaoTalk_Photo_2022-02-17-14-18-05-76.jpeg,1080,1440,4,459,497,482,526,1
KakaoTalk_Photo_2022-02-17-14-18-05-76.jpeg,1080,1440,9,658,399,672,426,1
KakaoTalk_Photo_2022-02-17-14-18-05-76.jpeg,1080,1440,9,624,429,636,454,1
KakaoTalk_Photo_2022-02-17-14-18-05-76.jpeg,1080,1440,9,655,438,669,459,1
KakaoTalk_Photo_2022-02-17-14-18-05-76.jpeg,1080,1440,7,614,460,628,481,1
KakaoTalk_Photo_2022-02-17-14-18-05-74.jpeg,1080,1440,0,174,545,189,567,2
KakaoTalk_Photo_2022-02-17-14-18-05-74.jpeg,1080,1440,0,177,620,193,642,2
KakaoTalk_Photo_2022-02-17-14-18-05-74.jpeg,1080,1440,0,364,717,383,744,2
KakaoTalk_Photo_2022-02-17-14-18-05-74.jpeg,1080,1440,0,954,329,987,372,2
KakaoTalk_Photo_2022-02-17-14-18-05-74.jpeg,1080,1440,0,571,447,589,470,2
KakaoTalk_Photo_2022-02-17-14-18-05-74.jpeg,1080,1440,0,594,784,614,805,2
KakaoTalk_Photo_2022-02-17-14-18-05-74.jpeg,1080,1440,0,556,630,574,651,2
KakaoTalk_Photo_2022-02-17-14-18-05-74.jpeg,1080,1440,1,904,317,922,366,2
KakaoTalk_Photo_2022-02-17-14-18-05-74.jpeg,1080,1440,1,604,443,620,474,2
KakaoTalk_Photo_2022-02-17-14-18-05-74.jpeg,1080,1440,1,560,442,573,469,2
KakaoTalk_Photo_2022-02-17-14-18-05-74.jpeg,1080,1440,1,203,249,216,281,2
KakaoTalk_Photo_2022-02-17-14-18-05-74.jpeg,1080,1440,1,159,619,177,648,2
KakaoTalk_Photo_2022-02-17-14-18-05-74.jpeg,1080,1440,1,552,516,564,541,2
KakaoTalk_Photo_2022-02-17-14-18-05-74.jpeg,1080,1440,1,566,514,579,542,2
KakaoTalk_Photo_2022-02-17-14-18-05-74.jpeg,1080,1440,1,406,535,418,560,2
KakaoTalk_Photo_2022-02-17-14-18-05-74.jpeg,1080,1440,1,414,487,424,514,2
KakaoTalk_Photo_2022-02-17-14-18-05-74.jpeg,1080,1440,2,777,315,813,345,2
KakaoTalk_Photo_2022-02-17-14-18-05-74.jpeg,1080,1440,2,768,469,801,495,2
KakaoTalk_Photo_2022-02-17-14-18-05-74.jpeg,1080,1440,2,844,478,866,503,2
KakaoTalk_Photo_2022-02-17-14-18-05-74.jpeg,1080,1440,2,753,541,770,565,2
KakaoTalk_Photo_2022-02-17-14-18-05-74.jpeg,1080,1440,2,759,574,774,600,2
KakaoTalk_Photo_2022-02-17-14-18-05-74.jpeg,1080,1440,2,551,557,595,583,2
KakaoTalk_Photo_2022-02-17-14-18-05-74.jpeg,1080,1440,2,549,587,570,615,2
KakaoTalk_Photo_2022-02-17-14-18-05-74.jpeg,1080,1440,2,421,407,447,445,2
KakaoTalk_Photo_2022-02-17-14-18-05-74.jpeg,1080,1440,2,220,462,243,493,2
KakaoTalk_Photo_2022-02-17-14-18-05-74.jpeg,1080,1440,2,242,463,263,497,2
KakaoTalk_Photo_2022-02-17-14-18-05-74.jpeg,1080,1440,2,535,737,554,767,2
KakaoTalk_Photo_2022-02-17-14-18-05-74.jpeg,1080,1440,2,561,738,583,772,2
KakaoTalk_Photo_2022-02-17-14-18-05-74.jpeg,1080,1440,2,582,667,602,692,2
KakaoTalk_Photo_2022-02-17-14-18-05-74.jpeg,1080,1440,2,629,631,645,649,2
KakaoTalk_Photo_2022-02-17-14-18-05-74.jpeg,1080,1440,3,618,447,639,480,2
KakaoTalk_Photo_2022-02-17-14-18-05-74.jpeg,1080,1440,3,732,458,756,498,2
KakaoTalk_Photo_2022-02-17-14-18-05-74.jpeg,1080,1440,3,727,526,750,564,2
KakaoTalk_Photo_2022-02-17-14-18-05-74.jpeg,1080,1440,3,593,516,623,551,2
KakaoTalk_Photo_2022-02-17-14-18-05-74.jpeg,1080,1440,4,747,313,777,353,2
KakaoTalk_Photo_2022-02-17-14-18-05-74.jpeg,1080,1440,4,927,324,956,370,2
KakaoTalk_Photo_2022-02-17-14-18-05-74.jpeg,1080,1440,4,242,580,260,612,2
KakaoTalk_Photo_2022-02-17-14-18-05-74.jpeg,1080,1440,4,175,583,196,610,2
KakaoTalk_Photo_2022-02-17-14-18-05-74.jpeg,1080,1440,5,597,557,635,592,2
KakaoTalk_Photo_2022-02-17-14-18-05-74.jpeg,1080,1440,5,587,741,609,772,2
KakaoTalk_Photo_2022-02-17-14-18-05-74.jpeg,1080,1440,5,409,610,427,641,2
KakaoTalk_Photo_2022-02-17-14-18-05-74.jpeg,1080,1440,5,378,402,413,448,2
KakaoTalk_Photo_2022-02-17-14-18-05-74.jpeg,1080,1440,5,1003,380,1029,423,2
KakaoTalk_Photo_2022-02-17-14-18-05-74.jpeg,1080,1440,5,777,572,799,605,2
KakaoTalk_Photo_2022-02-17-14-18-05-74.jpeg,1080,1440,5,595,598,618,621,2
KakaoTalk_Photo_2022-02-17-14-18-05-74.jpeg,1080,1440,6,378,473,401,523,2
KakaoTalk_Photo_2022-02-17-14-18-05-74.jpeg,1080,1440,6,359,602,378,635,2
KakaoTalk_Photo_2022-02-17-14-18-05-74.jpeg,1080,1440,6,729,564,747,599,2
KakaoTalk_Photo_2022-02-17-14-18-05-74.jpeg,1080,1440,6,620,670,644,699,2
KakaoTalk_Photo_2022-02-17-14-18-05-74.jpeg,1080,1440,6,444,406,463,443,2
KakaoTalk_Photo_2022-02-17-14-18-05-74.jpeg,1080,1440,7,216,252,242,286,2
KakaoTalk_Photo_2022-02-17-14-18-05-74.jpeg,1080,1440,7,189,377,215,410,2
KakaoTalk_Photo_2022-02-17-14-18-05-74.jpeg,1080,1440,7,186,462,209,493,2
KakaoTalk_Photo_2022-02-17-14-18-05-74.jpeg,1080,1440,7,435,647,447,674,2
KakaoTalk_Photo_2022-02-17-14-18-05-74.jpeg,1080,1440,8,979,376,1001,423,2
KakaoTalk_Photo_2022-02-17-14-18-05-74.jpeg,1080,1440,8,296,265,323,301,2
KakaoTalk_Photo_2022-02-17-14-18-05-74.jpeg,1080,1440,8,359,756,386,795,2
KakaoTalk_Photo_2022-02-17-14-18-05-74.jpeg,1080,1440,8,395,721,418,757,2
KakaoTalk_Photo_2022-02-17-14-18-05-74.jpeg,1080,1440,8,390,643,414,676,2
KakaoTalk_Photo_2022-02-17-14-18-05-74.jpeg,1080,1440,8,545,665,563,695,2
KakaoTalk_Photo_2022-02-17-14-18-05-74.jpeg,1080,1440,8,800,574,822,612,2
KakaoTalk_Photo_2022-02-17-14-18-05-74.jpeg,1080,1440,8,245,334,274,373,2
KakaoTalk_Photo_2022-02-17-14-18-05-74.jpeg,1080,1440,8,423,527,445,564,2
KakaoTalk_Photo_2022-02-17-14-18-05-74.jpeg,1080,1440,8,411,574,428,600,2
KakaoTalk_Photo_2022-02-17-14-18-05-74.jpeg,1080,1440,9,366,524,392,556,2
KakaoTalk_Photo_2022-02-17-14-18-05-74.jpeg,1080,1440,9,844,577,859,617,2
KakaoTalk_Photo_2022-02-17-14-18-05-74.jpeg,1080,1440,6,857,528,873,569,2
KakaoTalk_Photo_2022-02-17-14-18-05-74.jpeg,1080,1440,4,815,470,837,507,2
KakaoTalk_Photo_2022-02-17-14-18-05-74.jpeg,1080,1440,4,251,505,279,540,2
KakaoTalk_Photo_2022-02-17-14-18-05-74.jpeg,1080,1440,5,814,537,829,567,2
KakaoTalk_Photo_2022-02-17-14-18-05-75.jpeg,1080,1440,9,468,507,488,542,3
KakaoTalk_Photo_2022-02-17-14-18-05-75.jpeg,1080,1440,9,664,504,684,542,3
KakaoTalk_Photo_2022-02-17-14-18-05-75.jpeg,1080,1440,9,725,475,742,502,3
KakaoTalk_Photo_2022-02-17-14-18-05-75.jpeg,1080,1440,9,748,511,761,532,3
KakaoTalk_Photo_2022-02-17-14-18-05-75.jpeg,1080,1440,9,661,701,677,725,3
KakaoTalk_Photo_2022-02-17-14-18-05-75.jpeg,1080,1440,8,313,613,336,646,3
KakaoTalk_Photo_2022-02-17-14-18-05-75.jpeg,1080,1440,8,366,613,385,647,3
KakaoTalk_Photo_2022-02-17-14-18-05-75.jpeg,1080,1440,8,179,647,198,679,3
KakaoTalk_Photo_2022-02-17-14-18-05-75.jpeg,1080,1440,8,474,671,491,699,3
KakaoTalk_Photo_2022-02-17-14-18-05-75.jpeg,1080,1440,8,312,650,332,675,3
KakaoTalk_Photo_2022-02-17-14-18-05-75.jpeg,1080,1440,9,319,775,335,803,3
KakaoTalk_Photo_2022-02-17-14-18-05-75.jpeg,1080,1440,9,650,791,677,823,3
KakaoTalk_Photo_2022-02-17-14-18-05-75.jpeg,1080,1440,7,169,583,190,610,3
KakaoTalk_Photo_2022-02-17-14-18-05-75.jpeg,1080,1440,7,361,780,375,806,3
KakaoTalk_Photo_2022-02-17-14-18-05-75.jpeg,1080,1440,7,369,650,382,672,3
KakaoTalk_Photo_2022-02-17-14-18-05-75.jpeg,1080,1440,7,136,398,163,435,3
KakaoTalk_Photo_2022-02-17-14-18-05-75.jpeg,1080,1440,7,751,542,764,566,3
KakaoTalk_Photo_2022-02-17-14-18-05-75.jpeg,1080,1440,6,361,573,377,605,3
KakaoTalk_Photo_2022-02-17-14-18-05-75.jpeg,1080,1440,6,635,604,648,641,3
KakaoTalk_Photo_2022-02-17-14-18-05-75.jpeg,1080,1440,6,631,640,646,661,3
KakaoTalk_Photo_2022-02-17-14-18-05-75.jpeg,1080,1440,6,709,507,727,535,3
KakaoTalk_Photo_2022-02-17-14-18-05-75.jpeg,1080,1440,6,870,658,887,678,3
KakaoTalk_Photo_2022-02-17-14-18-05-75.jpeg,1080,1440,6,632,764,652,793,3
KakaoTalk_Photo_2022-02-17-14-18-05-75.jpeg,1080,1440,6,671,886,686,912,3
KakaoTalk_Photo_2022-02-17-14-18-05-75.jpeg,1080,1440,6,673,923,693,944,3
KakaoTalk_Photo_2022-02-17-14-18-05-75.jpeg,1080,1440,5,224,398,251,436,3
KakaoTalk_Photo_2022-02-17-14-18-05-75.jpeg,1080,1440,5,309,513,327,550,3
KakaoTalk_Photo_2022-02-17-14-18-05-75.jpeg,1080,1440,5,311,575,331,608,3
KakaoTalk_Photo_2022-02-17-14-18-05-75.jpeg,1080,1440,5,521,608,543,635,3
KakaoTalk_Photo_2022-02-17-14-18-05-75.jpeg,1080,1440,5,740,541,752,564,3
KakaoTalk_Photo_2022-02-17-14-18-05-75.jpeg,1080,1440,5,891,680,911,697,3
KakaoTalk_Photo_2022-02-17-14-18-05-75.jpeg,1080,1440,5,513,644,528,664,3
KakaoTalk_Photo_2022-02-17-14-18-05-75.jpeg,1080,1440,5,839,694,857,718,3
KakaoTalk_Photo_2022-02-17-14-18-05-75.jpeg,1080,1440,5,823,631,841,652,3
KakaoTalk_Photo_2022-02-17-14-18-05-75.jpeg,1080,1440,4,141,624,164,643,3
KakaoTalk_Photo_2022-02-17-14-18-05-75.jpeg,1080,1440,4,138,649,157,679,3
KakaoTalk_Photo_2022-02-17-14-18-05-75.jpeg,1080,1440,4,150,686,168,714,3
KakaoTalk_Photo_2022-02-17-14-18-05-75.jpeg,1080,1440,4,513,775,537,800,3
KakaoTalk_Photo_2022-02-17-14-18-05-75.jpeg,1080,1440,4,660,604,687,631,3
KakaoTalk_Photo_2022-02-17-14-18-05-75.jpeg,1080,1440,4,663,636,683,658,3
KakaoTalk_Photo_2022-02-17-14-18-05-75.jpeg,1080,1440,4,679,760,700,790,3
KakaoTalk_Photo_2022-02-17-14-18-05-75.jpeg,1080,1440,4,872,616,888,638,3
KakaoTalk_Photo_2022-02-17-14-18-05-75.jpeg,1080,1440,3,207,678,224,701,3
KakaoTalk_Photo_2022-02-17-14-18-05-75.jpeg,1080,1440,3,324,715,335,739,3
KakaoTalk_Photo_2022-02-17-14-18-05-75.jpeg,1080,1440,3,515,577,533,603,3
KakaoTalk_Photo_2022-02-17-14-18-05-75.jpeg,1080,1440,3,624,571,648,602,3
KakaoTalk_Photo_2022-02-17-14-18-05-75.jpeg,1080,1440,3,712,931,728,955,3
KakaoTalk_Photo_2022-02-17-14-18-05-75.jpeg,1080,1440,2,139,521,156,543,3
KakaoTalk_Photo_2022-02-17-14-18-05-75.jpeg,1080,1440,2,498,516,522,536,3
KakaoTalk_Photo_2022-02-17-14-18-05-75.jpeg,1080,1440,2,519,513,541,536,3
KakaoTalk_Photo_2022-02-17-14-18-05-75.jpeg,1080,1440,2,624,509,656,535,3
KakaoTalk_Photo_2022-02-17-14-18-05-75.jpeg,1080,1440,2,474,770,496,798,3
KakaoTalk_Photo_2022-02-17-14-18-05-75.jpeg,1080,1440,2,513,675,533,695,3
KakaoTalk_Photo_2022-02-17-14-18-05-75.jpeg,1080,1440,2,347,647,366,672,3
KakaoTalk_Photo_2022-02-17-14-18-05-75.jpeg,1080,1440,2,346,618,367,640,3
KakaoTalk_Photo_2022-02-17-14-18-05-75.jpeg,1080,1440,2,339,576,361,605,3
KakaoTalk_Photo_2022-02-17-14-18-05-75.jpeg,1080,1440,2,356,705,379,730,3
KakaoTalk_Photo_2022-02-17-14-18-05-75.jpeg,1080,1440,2,660,573,684,592,3
KakaoTalk_Photo_2022-02-17-14-18-05-75.jpeg,1080,1440,2,735,575,752,592,3
KakaoTalk_Photo_2022-02-17-14-18-05-75.jpeg,1080,1440,2,740,603,757,624,3
KakaoTalk_Photo_2022-02-17-14-18-05-75.jpeg,1080,1440,2,742,638,754,660,3
KakaoTalk_Photo_2022-02-17-14-18-05-75.jpeg,1080,1440,2,752,639,767,657,3
KakaoTalk_Photo_2022-02-17-14-18-05-75.jpeg,1080,1440,7,174,521,190,544,3
KakaoTalk_Photo_2022-02-17-14-18-05-75.jpeg,1080,1440,5,342,510,366,543,3
KakaoTalk_Photo_2022-02-17-14-18-05-75.jpeg,1080,1440,5,319,683,334,709,3
KakaoTalk_Photo_2022-02-17-14-18-05-75.jpeg,1080,1440,1,117,398,134,434,3
KakaoTalk_Photo_2022-02-17-14-18-05-75.jpeg,1080,1440,1,172,397,187,433,3
KakaoTalk_Photo_2022-02-17-14-18-05-75.jpeg,1080,1440,1,141,587,153,608,3
KakaoTalk_Photo_2022-02-17-14-18-05-75.jpeg,1080,1440,1,142,719,152,744,3
KakaoTalk_Photo_2022-02-17-14-18-05-75.jpeg,1080,1440,1,152,720,160,743,3
KakaoTalk_Photo_2022-02-17-14-18-05-75.jpeg,1080,1440,1,324,813,335,837,3
KakaoTalk_Photo_2022-02-17-14-18-05-75.jpeg,1080,1440,1,495,804,504,830,3
KakaoTalk_Photo_2022-02-17-14-18-05-75.jpeg,1080,1440,1,481,706,493,736,3
KakaoTalk_Photo_2022-02-17-14-18-05-75.jpeg,1080,1440,1,474,612,487,637,3
KakaoTalk_Photo_2022-02-17-14-18-05-75.jpeg,1080,1440,1,467,581,481,603,3
KakaoTalk_Photo_2022-02-17-14-18-05-75.jpeg,1080,1440,1,474,644,484,669,3
KakaoTalk_Photo_2022-02-17-14-18-05-75.jpeg,1080,1440,1,503,616,517,637,3
KakaoTalk_Photo_2022-02-17-14-18-05-75.jpeg,1080,1440,1,505,574,516,603,3
KakaoTalk_Photo_2022-02-17-14-18-05-75.jpeg,1080,1440,1,711,700,724,725,3
KakaoTalk_Photo_2022-02-17-14-18-05-75.jpeg,1080,1440,1,709,670,719,691,3
KakaoTalk_Photo_2022-02-17-14-18-05-75.jpeg,1080,1440,1,782,377,800,420,3
KakaoTalk_Photo_2022-02-17-14-18-05-75.jpeg,1080,1440,1,709,605,724,624,3
KakaoTalk_Photo_2022-02-17-14-18-05-75.jpeg,1080,1440,0,805,386,829,415,3
KakaoTalk_Photo_2022-02-17-14-18-05-75.jpeg,1080,1440,0,187,398,212,433,3
KakaoTalk_Photo_2022-02-17-14-18-05-75.jpeg,1080,1440,0,187,623,205,642,3
KakaoTalk_Photo_2022-02-17-14-18-05-75.jpeg,1080,1440,0,337,811,354,832,3
KakaoTalk_Photo_2022-02-17-14-18-05-75.jpeg,1080,1440,0,491,711,510,729,3
KakaoTalk_Photo_2022-02-17-14-18-05-75.jpeg,1080,1440,0,434,709,453,733,3
KakaoTalk_Photo_2022-02-17-14-18-05-75.jpeg,1080,1440,0,507,808,522,829,3
KakaoTalk_Photo_2022-02-17-14-18-05-75.jpeg,1080,1440,0,724,700,738,715,3
KakaoTalk_Photo_2022-02-17-14-18-05-75.jpeg,1080,1440,0,719,642,731,659,3
KakaoTalk_Photo_2022-02-17-14-18-05-75.jpeg,1080,1440,4,811,742,835,774,3
KakaoTalk_Photo_2022-02-17-14-18-05-75.jpeg,1080,1440,8,841,758,861,786,3
KakaoTalk_Photo_2022-02-17-14-18-05-49.jpeg,1080,1440,0,308,652,320,669,4
KakaoTalk_Photo_2022-02-17-14-18-05-49.jpeg,1080,1440,0,298,724,316,740,4
KakaoTalk_Photo_2022-02-17-14-18-05-49.jpeg,1080,1440,1,211,379,227,415,4
KakaoTalk_Photo_2022-02-17-14-18-05-49.jpeg,1080,1440,1,338,393,346,429,4
KakaoTalk_Photo_2022-02-17-14-18-05-49.jpeg,1080,1440,1,254,574,265,595,4
KakaoTalk_Photo_2022-02-17-14-18-05-49.jpeg,1080,1440,1,255,505,264,521,4
KakaoTalk_Photo_2022-02-17-14-18-05-49.jpeg,1080,1440,1,266,507,276,523,4
KakaoTalk_Photo_2022-02-17-14-18-05-49.jpeg,1080,1440,1,340,584,354,606,4
KakaoTalk_Photo_2022-02-17-14-18-05-49.jpeg,1080,1440,1,467,635,475,657,4
KakaoTalk_Photo_2022-02-17-14-18-05-49.jpeg,1080,1440,1,508,633,515,660,4
KakaoTalk_Photo_2022-02-17-14-18-05-49.jpeg,1080,1440,1,833,565,846,585,4
KakaoTalk_Photo_2022-02-17-14-18-05-49.jpeg,1080,1440,1,437,593,444,616,4
KakaoTalk_Photo_2022-02-17-14-18-05-49.jpeg,1080,1440,1,502,598,511,617,4
KakaoTalk_Photo_2022-02-17-14-18-05-49.jpeg,1080,1440,1,915,679,922,693,4
KakaoTalk_Photo_2022-02-17-14-18-05-49.jpeg,1080,1440,1,633,677,644,698,4
KakaoTalk_Photo_2022-02-17-14-18-05-49.jpeg,1080,1440,1,933,745,942,761,4
KakaoTalk_Photo_2022-02-17-14-18-05-49.jpeg,1080,1440,1,987,731,1000,753,4
KakaoTalk_Photo_2022-02-17-14-18-05-49.jpeg,1080,1440,1,450,533,458,556,4
KakaoTalk_Photo_2022-02-17-14-18-05-49.jpeg,1080,1440,1,754,611,764,640,4
KakaoTalk_Photo_2022-02-17-14-18-05-49.jpeg,1080,1440,1,341,622,352,642,4
KakaoTalk_Photo_2022-02-17-14-18-05-49.jpeg,1080,1440,1,750,650,765,679,4
KakaoTalk_Photo_2022-02-17-14-18-05-49.jpeg,1080,1440,1,666,813,676,842,4
KakaoTalk_Photo_2022-02-17-14-18-05-49.jpeg,1080,1440,2,314,390,333,425,4
KakaoTalk_Photo_2022-02-17-14-18-05-49.jpeg,1080,1440,2,418,627,435,648,4
KakaoTalk_Photo_2022-02-17-14-18-05-49.jpeg,1080,1440,2,335,515,350,532,4
KakaoTalk_Photo_2022-02-17-14-18-05-49.jpeg,1080,1440,2,318,452,352,498,4
KakaoTalk_Photo_2022-02-17-14-18-05-49.jpeg,1080,1440,2,949,763,964,786,4
KakaoTalk_Photo_2022-02-17-14-18-05-49.jpeg,1080,1440,2,510,532,523,554,4
KakaoTalk_Photo_2022-02-17-14-18-05-49.jpeg,1080,1440,2,622,810,642,841,4
KakaoTalk_Photo_2022-02-17-14-18-05-49.jpeg,1080,1440,3,252,607,269,634,4
KakaoTalk_Photo_2022-02-17-14-18-05-49.jpeg,1080,1440,3,291,683,310,709,4
KakaoTalk_Photo_2022-02-17-14-18-05-49.jpeg,1080,1440,3,912,816,927,844,4
KakaoTalk_Photo_2022-02-17-14-18-05-49.jpeg,1080,1440,3,404,516,423,549,4
KakaoTalk_Photo_2022-02-17-14-18-05-49.jpeg,1080,1440,3,435,528,449,552,4
KakaoTalk_Photo_2022-02-17-14-18-05-49.jpeg,1080,1440,3,805,558,825,586,4
KakaoTalk_Photo_2022-02-17-14-18-05-49.jpeg,1080,1440,4,362,552,378,579,4
KakaoTalk_Photo_2022-02-17-14-18-05-49.jpeg,1080,1440,4,388,583,411,615,4
KakaoTalk_Photo_2022-02-17-14-18-05-49.jpeg,1080,1440,4,438,630,458,655,4
KakaoTalk_Photo_2022-02-17-14-18-05-49.jpeg,1080,1440,4,800,616,823,650,4
KakaoTalk_Photo_2022-02-17-14-18-05-49.jpeg,1080,1440,4,870,545,899,593,4
KakaoTalk_Photo_2022-02-17-14-18-05-49.jpeg,1080,1440,4,951,555,985,606,4
KakaoTalk_Photo_2022-02-17-14-18-05-49.jpeg,1080,1440,5,224,498,247,520,4
KakaoTalk_Photo_2022-02-17-14-18-05-49.jpeg,1080,1440,5,525,529,543,558,4
KakaoTalk_Photo_2022-02-17-14-18-05-49.jpeg,1080,1440,5,828,618,858,646,4
KakaoTalk_Photo_2022-02-17-14-18-05-49.jpeg,1080,1440,5,513,592,536,620,4
KakaoTalk_Photo_2022-02-17-14-18-05-49.jpeg,1080,1440,5,849,559,871,588,4
KakaoTalk_Photo_2022-02-17-14-18-05-49.jpeg,1080,1440,6,309,508,325,531,4
KakaoTalk_Photo_2022-02-17-14-18-05-49.jpeg,1080,1440,6,937,838,948,858,4
KakaoTalk_Photo_2022-02-17-14-18-05-49.jpeg,1080,1440,7,232,378,255,420,4
KakaoTalk_Photo_2022-02-17-14-18-05-49.jpeg,1080,1440,7,310,582,330,608,4
KakaoTalk_Photo_2022-02-17-14-18-05-49.jpeg,1080,1440,7,382,626,400,651,4
KakaoTalk_Photo_2022-02-17-14-18-05-49.jpeg,1080,1440,7,627,709,645,734,4
KakaoTalk_Photo_2022-02-17-14-18-05-49.jpeg,1080,1440,7,898,552,918,590,4
KakaoTalk_Photo_2022-02-17-14-18-05-49.jpeg,1080,1440,7,984,559,1008,598,4
KakaoTalk_Photo_2022-02-17-14-18-05-49.jpeg,1080,1440,7,800,660,822,692,4
KakaoTalk_Photo_2022-02-17-14-18-05-49.jpeg,1080,1440,8,517,623,536,661,4
KakaoTalk_Photo_2022-02-17-14-18-05-49.jpeg,1080,1440,8,271,383,299,428,4
KakaoTalk_Photo_2022-02-17-14-18-05-49.jpeg,1080,1440,8,678,814,698,847,4
KakaoTalk_Photo_2022-02-17-14-18-05-49.jpeg,1080,1440,8,472,518,499,557,4
KakaoTalk_Photo_2022-02-17-14-18-05-49.jpeg,1080,1440,8,355,620,370,644,4
KakaoTalk_Photo_2022-02-17-14-18-05-49.jpeg,1080,1440,9,470,589,490,622,4
KakaoTalk_Photo_2022-02-17-14-18-05-49.jpeg,1080,1440,9,221,606,238,635,4
KakaoTalk_Photo_2022-02-17-14-18-05-49.jpeg,1080,1440,9,833,655,853,695,4
KakaoTalk_Photo_2022-02-17-14-18-05-49.jpeg,1080,1440,9,679,677,698,703,4
KakaoTalk_Photo_2022-02-17-14-18-05-49.jpeg,1080,1440,9,712,746,730,778,4
KakaoTalk_Photo_2022-02-17-14-18-05-49.jpeg,1080,1440,9,644,845,669,874,4
KakaoTalk_Photo_2022-02-17-14-18-05-49.jpeg,1080,1440,9,942,692,960,717,4
KakaoTalk_Photo_2022-02-17-14-18-05-49.jpeg,1080,1440,9,963,764,980,792,4
KakaoTalk_Photo_2022-02-17-14-18-05-59.jpeg,1080,1440,9,839,641,863,669,5
KakaoTalk_Photo_2022-02-17-14-18-05-59.jpeg,1080,1440,8,432,592,452,624,5
KakaoTalk_Photo_2022-02-17-14-18-05-59.jpeg,1080,1440,8,370,651,398,683,5
KakaoTalk_Photo_2022-02-17-14-18-05-59.jpeg,1080,1440,8,422,658,443,689,5
KakaoTalk_Photo_2022-02-17-14-18-05-59.jpeg,1080,1440,7,382,589,398,632,5
KakaoTalk_Photo_2022-02-17-14-18-05-59.jpeg,1080,1440,7,204,705,223,733,5
KakaoTalk_Photo_2022-02-17-14-18-05-59.jpeg,1080,1440,7,405,868,420,893,5
KakaoTalk_Photo_2022-02-17-14-18-05-59.jpeg,1080,1440,7,209,671,226,704,5
KakaoTalk_Photo_2022-02-17-14-18-05-59.jpeg,1080,1440,7,774,841,793,870,5
KakaoTalk_Photo_2022-02-17-14-18-05-59.jpeg,1080,1440,6,420,730,436,756,5
KakaoTalk_Photo_2022-02-17-14-18-05-59.jpeg,1080,1440,6,397,764,414,786,5
KakaoTalk_Photo_2022-02-17-14-18-05-59.jpeg,1080,1440,6,587,711,605,742,5
KakaoTalk_Photo_2022-02-17-14-18-05-59.jpeg,1080,1440,6,805,636,829,664,5
KakaoTalk_Photo_2022-02-17-14-18-05-59.jpeg,1080,1440,6,723,700,740,721,5
KakaoTalk_Photo_2022-02-17-14-18-05-59.jpeg,1080,1440,6,930,472,950,515,5
KakaoTalk_Photo_2022-02-17-14-18-05-59.jpeg,1080,1440,6,811,842,830,870,5
KakaoTalk_Photo_2022-02-17-14-18-05-59.jpeg,1080,1440,5,582,750,601,772,5
KakaoTalk_Photo_2022-02-17-14-18-05-59.jpeg,1080,1440,5,991,790,1017,819,5
KakaoTalk_Photo_2022-02-17-14-18-05-59.jpeg,1080,1440,5,1001,871,1024,893,5
KakaoTalk_Photo_2022-02-17-14-18-05-59.jpeg,1080,1440,5,728,631,742,650,5
KakaoTalk_Photo_2022-02-17-14-18-05-59.jpeg,1080,1440,4,740,736,762,764,5
KakaoTalk_Photo_2022-02-17-14-18-05-59.jpeg,1080,1440,4,533,711,561,741,5
KakaoTalk_Photo_2022-02-17-14-18-05-59.jpeg,1080,1440,4,965,753,987,781,5
KakaoTalk_Photo_2022-02-17-14-18-05-59.jpeg,1080,1440,4,359,755,376,784,5
KakaoTalk_Photo_2022-02-17-14-18-05-59.jpeg,1080,1440,4,1050,864,1073,891,5
KakaoTalk_Photo_2022-02-17-14-18-05-59.jpeg,1080,1440,5,515,879,537,910,5
KakaoTalk_Photo_2022-02-17-14-18-05-59.jpeg,1080,1440,6,552,883,575,911,5
KakaoTalk_Photo_2022-02-17-14-18-05-59.jpeg,1080,1440,3,215,569,237,598,5
KakaoTalk_Photo_2022-02-17-14-18-05-59.jpeg,1080,1440,3,202,638,225,667,5
KakaoTalk_Photo_2022-02-17-14-18-05-59.jpeg,1080,1440,3,236,642,257,668,5
KakaoTalk_Photo_2022-02-17-14-18-05-59.jpeg,1080,1440,3,239,676,259,704,5
KakaoTalk_Photo_2022-02-17-14-18-05-59.jpeg,1080,1440,3,544,815,559,842,5
KakaoTalk_Photo_2022-02-17-14-18-05-59.jpeg,1080,1440,3,826,775,843,802,5
KakaoTalk_Photo_2022-02-17-14-18-05-59.jpeg,1080,1440,3,833,713,846,732,5
KakaoTalk_Photo_2022-02-17-14-18-05-59.jpeg,1080,1440,3,1060,775,1077,809,5
KakaoTalk_Photo_2022-02-17-14-18-05-59.jpeg,1080,1440,2,589,683,613,701,5
KakaoTalk_Photo_2022-02-17-14-18-05-59.jpeg,1080,1440,2,612,618,638,636,5
KakaoTalk_Photo_2022-02-17-14-18-05-59.jpeg,1080,1440,2,590,616,613,638,5
KakaoTalk_Photo_2022-02-17-14-18-05-59.jpeg,1080,1440,2,560,620,576,635,5
KakaoTalk_Photo_2022-02-17-14-18-05-59.jpeg,1080,1440,2,413,602,428,622,5
KakaoTalk_Photo_2022-02-17-14-18-05-59.jpeg,1080,1440,2,232,711,258,740,5
KakaoTalk_Photo_2022-02-17-14-18-05-59.jpeg,1080,1440,2,403,701,424,719,5
KakaoTalk_Photo_2022-02-17-14-18-05-59.jpeg,1080,1440,2,398,727,418,755,5
KakaoTalk_Photo_2022-02-17-14-18-05-59.jpeg,1080,1440,2,615,823,644,846,5
KakaoTalk_Photo_2022-02-17-14-18-05-59.jpeg,1080,1440,2,836,748,860,767,5
KakaoTalk_Photo_2022-02-17-14-18-05-59.jpeg,1080,1440,2,954,509,986,560,5
KakaoTalk_Photo_2022-02-17-14-18-05-59.jpeg,1080,1440,2,989,509,1021,560,5
KakaoTalk_Photo_2022-02-17-14-18-05-59.jpeg,1080,1440,2,747,699,764,720,5
KakaoTalk_Photo_2022-02-17-14-18-05-59.jpeg,1080,1440,1,361,898,374,926,5
KakaoTalk_Photo_2022-02-17-14-18-05-59.jpeg,1080,1440,1,390,867,404,894,5
KakaoTalk_Photo_2022-02-17-14-18-05-59.jpeg,1080,1440,1,541,670,559,701,5
KakaoTalk_Photo_2022-02-17-14-18-05-59.jpeg,1080,1440,1,569,676,587,698,5
KakaoTalk_Photo_2022-02-17-14-18-05-59.jpeg,1080,1440,1,370,697,382,720,5
KakaoTalk_Photo_2022-02-17-14-18-05-59.jpeg,1080,1440,1,383,699,394,722,5
KakaoTalk_Photo_2022-02-17-14-18-05-59.jpeg,1080,1440,1,251,580,261,601,5
KakaoTalk_Photo_2022-02-17-14-18-05-59.jpeg,1080,1440,1,258,642,270,670,5
KakaoTalk_Photo_2022-02-17-14-18-05-59.jpeg,1080,1440,1,347,859,357,886,5
KakaoTalk_Photo_2022-02-17-14-18-05-59.jpeg,1080,1440,1,578,816,589,840,5
KakaoTalk_Photo_2022-02-17-14-18-05-59.jpeg,1080,1440,0,375,905,393,925,5
KakaoTalk_Photo_2022-02-17-14-18-05-59.jpeg,1080,1440,0,266,575,287,599,5
KakaoTalk_Photo_2022-02-17-14-18-05-59.jpeg,1080,1440,9,711,731,739,757,5
KakaoTalk_Photo_2022-02-17-14-18-05-58.jpeg,1080,1440,0,270,893,288,910,6
KakaoTalk_Photo_2022-02-17-14-18-05-58.jpeg,1080,1440,0,278,783,291,796,6
KakaoTalk_Photo_2022-02-17-14-18-05-58.jpeg,1080,1440,0,380,783,393,797,6
KakaoTalk_Photo_2022-02-17-14-18-05-58.jpeg,1080,1440,0,871,784,889,800,6
KakaoTalk_Photo_2022-02-17-14-18-05-58.jpeg,1080,1440,0,862,577,905,611,6
KakaoTalk_Photo_2022-02-17-14-18-05-58.jpeg,1080,1440,0,786,836,797,848,6
KakaoTalk_Photo_2022-02-17-14-18-05-58.jpeg,1080,1440,1,243,669,255,691,6
KakaoTalk_Photo_2022-02-17-14-18-05-58.jpeg,1080,1440,1,268,720,278,743,6
KakaoTalk_Photo_2022-02-17-14-18-05-58.jpeg,1080,1440,1,232,837,240,855,6
KakaoTalk_Photo_2022-02-17-14-18-05-58.jpeg,1080,1440,1,239,838,248,854,6
KakaoTalk_Photo_2022-02-17-14-18-05-58.jpeg,1080,1440,1,235,804,244,827,6
KakaoTalk_Photo_2022-02-17-14-18-05-58.jpeg,1080,1440,1,370,806,379,829,6
KakaoTalk_Photo_2022-02-17-14-18-05-58.jpeg,1080,1440,1,406,673,417,694,6
KakaoTalk_Photo_2022-02-17-14-18-05-58.jpeg,1080,1440,1,374,755,387,771,6
KakaoTalk_Photo_2022-02-17-14-18-05-58.jpeg,1080,1440,2,265,672,284,690,6
KakaoTalk_Photo_2022-02-17-14-18-05-58.jpeg,1080,1440,2,238,723,259,744,6
KakaoTalk_Photo_2022-02-17-14-18-05-58.jpeg,1080,1440,2,775,544,809,572,6
KakaoTalk_Photo_2022-02-17-14-18-05-58.jpeg,1080,1440,2,874,841,892,859,6
KakaoTalk_Photo_2022-02-17-14-18-05-58.jpeg,1080,1440,2,860,844,871,862,6
KakaoTalk_Photo_2022-02-17-14-18-05-58.jpeg,1080,1440,3,809,542,843,580,6
KakaoTalk_Photo_2022-02-17-14-18-05-58.jpeg,1080,1440,3,820,581,859,613,6
KakaoTalk_Photo_2022-02-17-14-18-05-58.jpeg,1080,1440,5,684,563,712,598,6
KakaoTalk_Photo_2022-02-17-14-18-05-58.jpeg,1080,1440,5,844,763,859,782,6
KakaoTalk_Photo_2022-02-17-14-18-05-58.jpeg,1080,1440,5,418,674,433,698,6
KakaoTalk_Photo_2022-02-17-14-18-05-58.jpeg,1080,1440,5,235,748,259,778,6
KakaoTalk_Photo_2022-02-17-14-18-05-58.jpeg,1080,1440,5,234,780,252,800,6
KakaoTalk_Photo_2022-02-17-14-18-05-58.jpeg,1080,1440,5,240,916,269,942,6
KakaoTalk_Photo_2022-02-17-14-18-05-58.jpeg,1080,1440,5,262,831,278,852,6
KakaoTalk_Photo_2022-02-17-14-18-05-58.jpeg,1080,1440,5,282,803,298,821,6
KakaoTalk_Photo_2022-02-17-14-18-05-58.jpeg,1080,1440,5,377,840,388,857,6
KakaoTalk_Photo_2022-02-17-14-18-05-58.jpeg,1080,1440,6,845,534,876,575,6
KakaoTalk_Photo_2022-02-17-14-18-05-58.jpeg,1080,1440,6,381,672,400,697,6
KakaoTalk_Photo_2022-02-17-14-18-05-58.jpeg,1080,1440,6,285,667,297,692,6
KakaoTalk_Photo_2022-02-17-14-18-05-58.jpeg,1080,1440,6,280,715,293,745,6
KakaoTalk_Photo_2022-02-17-14-18-05-58.jpeg,1080,1440,6,413,727,431,751,6
KakaoTalk_Photo_2022-02-17-14-18-05-58.jpeg,1080,1440,6,230,890,244,913,6
KakaoTalk_Photo_2022-02-17-14-18-05-58.jpeg,1080,1440,7,382,728,402,749,6
KakaoTalk_Photo_2022-02-17-14-18-05-58.jpeg,1080,1440,8,409,753,431,777,6
KakaoTalk_Photo_2022-02-17-14-18-05-58.jpeg,1080,1440,8,402,781,419,802,6
KakaoTalk_Photo_2022-02-17-14-18-05-58.jpeg,1080,1440,8,791,793,803,813,6
KakaoTalk_Photo_2022-02-17-14-18-05-58.jpeg,1080,1440,8,420,701,435,721,6
KakaoTalk_Photo_2022-02-17-14-18-05-58.jpeg,1080,1440,9,390,702,406,722,6
KakaoTalk_Photo_2022-02-17-14-18-16-41.jpeg,1080,1440,2,255,485,275,520,7
KakaoTalk_Photo_2022-02-17-14-18-16-41.jpeg,1080,1440,2,355,543,373,561,7
KakaoTalk_Photo_2022-02-17-14-18-16-41.jpeg,1080,1440,2,321,586,336,598,7
KakaoTalk_Photo_2022-02-17-14-18-16-41.jpeg,1080,1440,2,302,643,318,660,7
KakaoTalk_Photo_2022-02-17-14-18-16-41.jpeg,1080,1440,2,281,716,300,729,7
KakaoTalk_Photo_2022-02-17-14-18-16-41.jpeg,1080,1440,1,279,483,291,516,7
KakaoTalk_Photo_2022-02-17-14-18-16-41.jpeg,1080,1440,1,289,487,300,518,7
KakaoTalk_Photo_2022-02-17-14-18-16-41.jpeg,1080,1440,1,339,546,352,564,7
KakaoTalk_Photo_2022-02-17-14-18-16-41.jpeg,1080,1440,1,339,679,351,695,7
KakaoTalk_Photo_2022-02-17-14-18-16-41.jpeg,1080,1440,1,334,712,346,728,7
KakaoTalk_Photo_2022-02-17-14-18-16-41.jpeg,1080,1440,1,290,643,302,663,7
KakaoTalk_Photo_2022-02-17-14-18-16-41.jpeg,1080,1440,1,288,586,299,599,7
KakaoTalk_Photo_2022-02-17-14-18-16-41.jpeg,1080,1440,1,284,677,292,696,7
KakaoTalk_Photo_2022-02-17-14-18-16-41.jpeg,1080,1440,1,291,680,305,695,7
KakaoTalk_Photo_2022-02-17-14-18-16-41.jpeg,1080,1440,3,306,482,322,516,7
KakaoTalk_Photo_2022-02-17-14-18-16-41.jpeg,1080,1440,3,295,546,306,564,7
KakaoTalk_Photo_2022-02-17-14-18-16-41.jpeg,1080,1440,3,317,643,330,665,7
KakaoTalk_Photo_2022-02-17-14-18-16-41.jpeg,1080,1440,4,279,546,294,568,7
KakaoTalk_Photo_2022-02-17-14-18-16-41.jpeg,1080,1440,5,345,640,368,663,7
KakaoTalk_Photo_2022-02-17-14-18-16-41.jpeg,1080,1440,7,348,711,364,729,7
KakaoTalk_Photo_2022-02-17-14-18-16-41.jpeg,1080,1440,9,354,578,373,602,7
KakaoTalk_Photo_2022-02-17-14-18-16-45.jpeg,1080,1440,9,229,582,249,625,8
KakaoTalk_Photo_2022-02-17-14-18-16-45.jpeg,1080,1440,9,277,592,301,627,8
KakaoTalk_Photo_2022-02-17-14-18-16-45.jpeg,1080,1440,9,235,513,259,547,8
KakaoTalk_Photo_2022-02-17-14-18-16-45.jpeg,1080,1440,8,916,762,933,792,8
KakaoTalk_Photo_2022-02-17-14-18-16-45.jpeg,1080,1440,8,243,740,258,765,8
KakaoTalk_Photo_2022-02-17-14-18-16-45.jpeg,1080,1440,8,604,719,619,744,8
KakaoTalk_Photo_2022-02-17-14-18-16-45.jpeg,1080,1440,8,275,516,302,557,8
KakaoTalk_Photo_2022-02-17-14-18-16-45.jpeg,1080,1440,8,631,619,648,641,8
KakaoTalk_Photo_2022-02-17-14-18-16-45.jpeg,1080,1440,8,922,834,937,858,8
KakaoTalk_Photo_2022-02-17-14-18-16-45.jpeg,1080,1440,9,287,396,307,432,8
KakaoTalk_Photo_2022-02-17-14-18-16-45.jpeg,1080,1440,7,441,761,457,792,8
KakaoTalk_Photo_2022-02-17-14-18-16-45.jpeg,1080,1440,7,609,689,630,712,8
KakaoTalk_Photo_2022-02-17-14-18-16-45.jpeg,1080,1440,7,569,492,589,527,8
KakaoTalk_Photo_2022-02-17-14-18-16-45.jpeg,1080,1440,6,373,824,391,856,8
KakaoTalk_Photo_2022-02-17-14-18-16-45.jpeg,1080,1440,6,591,574,607,600,8
KakaoTalk_Photo_2022-02-17-14-18-16-45.jpeg,1080,1440,6,1009,508,1031,550,8
KakaoTalk_Photo_2022-02-17-14-18-16-45.jpeg,1080,1440,5,493,478,517,518,8
KakaoTalk_Photo_2022-02-17-14-18-16-45.jpeg,1080,1440,5,783,439,815,489,8
KakaoTalk_Photo_2022-02-17-14-18-16-45.jpeg,1080,1440,5,207,698,229,723,8
KakaoTalk_Photo_2022-02-17-14-18-16-45.jpeg,1080,1440,5,465,553,493,582,8
KakaoTalk_Photo_2022-02-17-14-18-16-45.jpeg,1080,1440,5,397,648,422,680,8
KakaoTalk_Photo_2022-02-17-14-18-16-45.jpeg,1080,1440,5,393,690,411,712,8
KakaoTalk_Photo_2022-02-17-14-18-16-45.jpeg,1080,1440,5,603,655,627,677,8
KakaoTalk_Photo_2022-02-17-14-18-16-45.jpeg,1080,1440,5,965,738,982,760,8
KakaoTalk_Photo_2022-02-17-14-18-16-45.jpeg,1080,1440,5,454,616,478,650,8
KakaoTalk_Photo_2022-02-17-14-18-16-45.jpeg,1080,1440,4,632,581,654,611,8
KakaoTalk_Photo_2022-02-17-14-18-16-45.jpeg,1080,1440,4,984,514,1007,551,8
KakaoTalk_Photo_2022-02-17-14-18-16-45.jpeg,1080,1440,3,749,425,782,478,8
KakaoTalk_Photo_2022-02-17-14-18-16-45.jpeg,1080,1440,3,200,733,221,761,8
KakaoTalk_Photo_2022-02-17-14-18-16-45.jpeg,1080,1440,2,342,411,365,435,8
KakaoTalk_Photo_2022-02-17-14-18-16-45.jpeg,1080,1440,2,234,392,257,417,8
KakaoTalk_Photo_2022-02-17-14-18-16-45.jpeg,1080,1440,2,384,415,407,439,8
KakaoTalk_Photo_2022-02-17-14-18-16-45.jpeg,1080,1440,2,984,469,1006,495,8
KakaoTalk_Photo_2022-02-17-14-18-16-45.jpeg,1080,1440,2,1009,473,1047,498,8
KakaoTalk_Photo_2022-02-17-14-18-16-45.jpeg,1080,1440,2,459,721,482,743,8
KakaoTalk_Photo_2022-02-17-14-18-16-45.jpeg,1080,1440,2,441,557,465,578,8
KakaoTalk_Photo_2022-02-17-14-18-16-45.jpeg,1080,1440,2,406,618,429,642,8
KakaoTalk_Photo_2022-02-17-14-18-16-45.jpeg,1080,1440,2,219,810,241,834,8
KakaoTalk_Photo_2022-02-17-14-18-16-45.jpeg,1080,1440,2,257,592,278,618,8
KakaoTalk_Photo_2022-02-17-14-18-16-45.jpeg,1080,1440,1,324,411,339,434,8
KakaoTalk_Photo_2022-02-17-14-18-16-45.jpeg,1080,1440,1,611,585,631,604,8
KakaoTalk_Photo_2022-02-17-14-18-16-45.jpeg,1080,1440,1,414,549,430,575,8
KakaoTalk_Photo_2022-02-17-14-18-16-45.jpeg,1080,1440,1,441,620,455,643,8
KakaoTalk_Photo_2022-02-17-14-18-16-45.jpeg,1080,1440,1,247,668,260,691,8
KakaoTalk_Photo_2022-02-17-14-18-16-45.jpeg,1080,1440,1,221,663,233,686,8
KakaoTalk_Photo_2022-02-17-14-18-16-45.jpeg,1080,1440,1,266,632,281,658,8
KakaoTalk_Photo_2022-02-17-14-18-16-45.jpeg,1080,1440,1,228,623,241,655,8
KakaoTalk_Photo_2022-02-17-14-18-16-45.jpeg,1080,1440,1,191,804,205,832,8
KakaoTalk_Photo_2022-02-17-14-18-16-45.jpeg,1080,1440,1,205,842,219,873,8
KakaoTalk_Photo_2022-02-17-14-18-16-45.jpeg,1080,1440,1,243,818,257,841,8
KakaoTalk_Photo_2022-02-17-14-18-16-45.jpeg,1080,1440,1,385,759,399,781,8
KakaoTalk_Photo_2022-02-17-14-18-16-45.jpeg,1080,1440,1,410,833,427,861,8
KakaoTalk_Photo_2022-02-17-14-18-16-45.jpeg,1080,1440,2,436,659,456,684,8
KakaoTalk_Photo_2022-02-17-14-18-16-45.jpeg,1080,1440,2,428,689,447,715,8
KakaoTalk_Photo_2022-02-17-14-18-16-45.jpeg,1080,1440,0,946,464,979,496,8
KakaoTalk_Photo_2022-02-17-14-18-16-45.jpeg,1080,1440,0,957,514,983,541,8
KakaoTalk_Photo_2022-02-17-14-18-16-45.jpeg,1080,1440,0,397,762,419,783,8
KakaoTalk_Photo_2022-02-17-14-18-16-45.jpeg,1080,1440,2,541,489,568,520,8
KakaoTalk_Photo_2022-02-17-14-18-05-56.jpeg,1080,1440,0,273,763,287,778,9
KakaoTalk_Photo_2022-02-17-14-18-05-56.jpeg,1080,1440,0,277,538,290,554,9
KakaoTalk_Photo_2022-02-17-14-18-05-56.jpeg,1080,1440,0,366,552,382,572,9
KakaoTalk_Photo_2022-02-17-14-18-05-56.jpeg,1080,1440,0,275,879,293,898,9
KakaoTalk_Photo_2022-02-17-14-18-05-56.jpeg,1080,1440,0,545,813,557,828,9
KakaoTalk_Photo_2022-02-17-14-18-05-56.jpeg,1080,1440,0,570,863,582,880,9
KakaoTalk_Photo_2022-02-17-14-18-05-56.jpeg,1080,1440,0,662,747,676,763,9
KakaoTalk_Photo_2022-02-17-14-18-05-56.jpeg,1080,1440,0,660,772,669,783,9
KakaoTalk_Photo_2022-02-17-14-18-05-56.jpeg,1080,1440,1,354,550,365,570,9
KakaoTalk_Photo_2022-02-17-14-18-05-56.jpeg,1080,1440,1,290,538,298,562,9
KakaoTalk_Photo_2022-02-17-14-18-05-56.jpeg,1080,1440,1,299,679,309,699,9
KakaoTalk_Photo_2022-02-17-14-18-05-56.jpeg,1080,1440,1,298,710,308,728,9
KakaoTalk_Photo_2022-02-17-14-18-05-56.jpeg,1080,1440,1,528,658,541,679,9
KakaoTalk_Photo_2022-02-17-14-18-05-56.jpeg,1080,1440,1,555,705,565,721,9
KakaoTalk_Photo_2022-02-17-14-18-05-56.jpeg,1080,1440,1,400,854,409,875,9
KakaoTalk_Photo_2022-02-17-14-18-05-56.jpeg,1080,1440,1,439,859,447,878,9
KakaoTalk_Photo_2022-02-17-14-18-05-56.jpeg,1080,1440,1,402,723,412,742,9
KakaoTalk_Photo_2022-02-17-14-18-05-56.jpeg,1080,1440,1,432,728,441,746,9
KakaoTalk_Photo_2022-02-17-14-18-05-56.jpeg,1080,1440,1,295,736,305,756,9
KakaoTalk_Photo_2022-02-17-14-18-05-56.jpeg,1080,1440,1,264,874,275,899,9
KakaoTalk_Photo_2022-02-17-14-18-05-56.jpeg,1080,1440,1,414,884,422,906,9
KakaoTalk_Photo_2022-02-17-14-18-05-56.jpeg,1080,1440,1,534,785,543,802,9
KakaoTalk_Photo_2022-02-17-14-18-05-56.jpeg,1080,1440,2,756,572,772,597,9
KakaoTalk_Photo_2022-02-17-14-18-05-56.jpeg,1080,1440,2,328,546,351,571,9
KakaoTalk_Photo_2022-02-17-14-18-05-56.jpeg,1080,1440,2,256,532,276,557,9
KakaoTalk_Photo_2022-02-17-14-18-05-56.jpeg,1080,1440,2,312,683,336,698,9
KakaoTalk_Photo_2022-02-17-14-18-05-56.jpeg,1080,1440,2,421,696,436,716,9
KakaoTalk_Photo_2022-02-17-14-18-05-56.jpeg,1080,1440,2,556,733,570,751,9
KakaoTalk_Photo_2022-02-17-14-18-05-56.jpeg,1080,1440,2,551,664,569,681,9
KakaoTalk_Photo_2022-02-17-14-18-05-56.jpeg,1080,1440,2,556,761,566,779,9
KakaoTalk_Photo_2022-02-17-14-18-05-56.jpeg,1080,1440,2,531,707,548,724,9
KakaoTalk_Photo_2022-02-17-14-18-05-56.jpeg,1080,1440,2,408,774,419,792,9
KakaoTalk_Photo_2022-02-17-14-18-05-56.jpeg,1080,1440,2,665,817,679,837,9
KakaoTalk_Photo_2022-02-17-14-18-05-56.jpeg,1080,1440,3,287,847,304,870,9
KakaoTalk_Photo_2022-02-17-14-18-05-56.jpeg,1080,1440,3,308,736,321,756,9
KakaoTalk_Photo_2022-02-17-14-18-05-56.jpeg,1080,1440,3,424,747,436,762,9
KakaoTalk_Photo_2022-02-17-14-18-05-56.jpeg,1080,1440,4,753,602,779,631,9
KakaoTalk_Photo_2022-02-17-14-18-05-56.jpeg,1080,1440,4,268,629,293,648,9
KakaoTalk_Photo_2022-02-17-14-18-05-56.jpeg,1080,1440,5,313,596,337,624,9
KakaoTalk_Photo_2022-02-17-14-18-05-56.jpeg,1080,1440,5,266,677,286,701,9
KakaoTalk_Photo_2022-02-17-14-18-05-56.jpeg,1080,1440,5,531,758,545,777,9
KakaoTalk_Photo_2022-02-17-14-18-05-56.jpeg,1080,1440,5,532,728,550,754,9
KakaoTalk_Photo_2022-02-17-14-18-05-56.jpeg,1080,1440,5,677,676,689,695,9
KakaoTalk_Photo_2022-02-17-14-18-05-56.jpeg,1080,1440,6,535,860,547,883,9
KakaoTalk_Photo_2022-02-17-14-18-05-56.jpeg,1080,1440,6,647,674,659,694,9
KakaoTalk_Photo_2022-02-17-14-18-05-56.jpeg,1080,1440,7,656,722,672,741,9
KakaoTalk_Photo_2022-02-17-14-18-05-56.jpeg,1080,1440,7,562,632,577,660,9
KakaoTalk_Photo_2022-02-17-14-18-05-56.jpeg,1080,1440,7,779,608,795,642,9
KakaoTalk_Photo_2022-02-17-14-18-05-56.jpeg,1080,1440,7,743,573,757,593,9
KakaoTalk_Photo_2022-02-17-14-18-05-56.jpeg,1080,1440,6,444,610,460,639,9
KakaoTalk_Photo_2022-02-17-14-18-05-56.jpeg,1080,1440,8,427,644,443,671,9
KakaoTalk_Photo_2022-02-17-14-18-05-56.jpeg,1080,1440,8,299,541,319,569,9
KakaoTalk_Photo_2022-02-17-14-18-05-56.jpeg,1080,1440,8,266,706,284,735,9
KakaoTalk_Photo_2022-02-17-14-18-05-56.jpeg,1080,1440,8,262,737,278,757,9
KakaoTalk_Photo_2022-02-17-14-18-05-56.jpeg,1080,1440,8,682,746,695,768,9
KakaoTalk_Photo_2022-02-17-14-18-05-56.jpeg,1080,1440,8,677,649,693,670,9
KakaoTalk_Photo_2022-02-17-14-18-05-56.jpeg,1080,1440,8,789,861,797,883,9
KakaoTalk_Photo_2022-02-17-14-18-05-56.jpeg,1080,1440,9,402,639,420,664,9
KakaoTalk_Photo_2022-02-17-14-18-05-56.jpeg,1080,1440,9,401,688,417,716,9
KakaoTalk_Photo_2022-02-17-14-18-05-56.jpeg,1080,1440,9,255,844,270,867,9
KakaoTalk_Photo_2022-02-17-14-18-05-56.jpeg,1080,1440,9,564,813,579,835,9
KakaoTalk_Photo_2022-02-17-14-18-05-56.jpeg,1080,1440,9,547,889,562,911,9
KakaoTalk_Photo_2022-02-17-14-18-05-57.jpeg,1080,1440,9,285,306,310,344,10
KakaoTalk_Photo_2022-02-17-14-18-05-57.jpeg,1080,1440,9,548,404,568,443,10
KakaoTalk_Photo_2022-02-17-14-18-05-57.jpeg,1080,1440,9,547,472,565,510,10
KakaoTalk_Photo_2022-02-17-14-18-05-57.jpeg,1080,1440,9,589,477,603,509,10
KakaoTalk_Photo_2022-02-17-14-18-05-57.jpeg,1080,1440,9,354,634,372,665,10
KakaoTalk_Photo_2022-02-17-14-18-05-57.jpeg,1080,1440,9,247,374,264,398,10
KakaoTalk_Photo_2022-02-17-14-18-05-57.jpeg,1080,1440,8,676,726,698,756,10
KakaoTalk_Photo_2022-02-17-14-18-05-57.jpeg,1080,1440,8,697,633,712,655,10
KakaoTalk_Photo_2022-02-17-14-18-05-57.jpeg,1080,1440,8,374,470,399,503,10
KakaoTalk_Photo_2022-02-17-14-18-05-57.jpeg,1080,1440,8,369,503,388,531,10
KakaoTalk_Photo_2022-02-17-14-18-05-57.jpeg,1080,1440,8,260,442,283,472,10
KakaoTalk_Photo_2022-02-17-14-18-05-57.jpeg,1080,1440,8,900,713,915,738,10
KakaoTalk_Photo_2022-02-17-14-18-05-57.jpeg,1080,1440,7,891,376,912,410,10
KakaoTalk_Photo_2022-02-17-14-18-05-57.jpeg,1080,1440,7,720,303,749,349,10
KakaoTalk_Photo_2022-02-17-14-18-05-57.jpeg,1080,1440,7,245,225,267,255,10
KakaoTalk_Photo_2022-02-17-14-18-05-57.jpeg,1080,1440,6,227,334,253,368,10
KakaoTalk_Photo_2022-02-17-14-18-05-57.jpeg,1080,1440,6,741,447,762,479,10
KakaoTalk_Photo_2022-02-17-14-18-05-57.jpeg,1080,1440,8,583,413,607,451,10
KakaoTalk_Photo_2022-02-17-14-18-05-57.jpeg,1080,1440,6,347,246,370,281,10
KakaoTalk_Photo_2022-02-17-14-18-05-57.jpeg,1080,1440,6,735,509,752,544,10
KakaoTalk_Photo_2022-02-17-14-18-05-57.jpeg,1080,1440,5,385,433,410,468,10
KakaoTalk_Photo_2022-02-17-14-18-05-57.jpeg,1080,1440,5,696,543,718,574,10
KakaoTalk_Photo_2022-02-17-14-18-05-57.jpeg,1080,1440,4,206,504,224,528,10
KakaoTalk_Photo_2022-02-17-14-18-05-57.jpeg,1080,1440,4,397,371,421,401,10
KakaoTalk_Photo_2022-02-17-14-18-05-57.jpeg,1080,1440,3,868,322,884,351,10
KakaoTalk_Photo_2022-02-17-14-18-05-57.jpeg,1080,1440,3,860,362,885,406,10
KakaoTalk_Photo_2022-02-17-14-18-05-57.jpeg,1080,1440,3,690,297,715,339,10
KakaoTalk_Photo_2022-02-17-14-18-05-57.jpeg,1080,1440,3,384,640,407,669,10
KakaoTalk_Photo_2022-02-17-14-18-05-57.jpeg,1080,1440,3,418,514,438,539,10
KakaoTalk_Photo_2022-02-17-14-18-05-57.jpeg,1080,1440,2,885,331,910,358,10
KakaoTalk_Photo_2022-02-17-14-18-05-57.jpeg,1080,1440,2,723,453,740,470,10
KakaoTalk_Photo_2022-02-17-14-18-05-57.jpeg,1080,1440,2,537,672,555,696,10
KakaoTalk_Photo_2022-02-17-14-18-05-57.jpeg,1080,1440,2,686,508,712,538,10
KakaoTalk_Photo_2022-02-17-14-18-05-57.jpeg,1080,1440,2,724,545,746,571,10
KakaoTalk_Photo_2022-02-17-14-18-05-57.jpeg,1080,1440,2,431,446,457,467,10
KakaoTalk_Photo_2022-02-17-14-18-05-57.jpeg,1080,1440,6,670,695,688,719,10
KakaoTalk_Photo_2022-02-17-14-18-05-57.jpeg,1080,1440,3,564,543,580,562,10
KakaoTalk_Photo_2022-02-17-14-18-05-57.jpeg,1080,1440,2,574,573,593,590,10
KakaoTalk_Photo_2022-02-17-14-18-05-57.jpeg,1080,1440,3,841,710,853,733,10
KakaoTalk_Photo_2022-02-17-14-18-05-57.jpeg,1080,1440,3,924,736,938,761,10
KakaoTalk_Photo_2022-02-17-14-18-05-57.jpeg,1080,1440,1,227,219,244,249,10
KakaoTalk_Photo_2022-02-17-14-18-05-57.jpeg,1080,1440,1,279,234,297,265,10
KakaoTalk_Photo_2022-02-17-14-18-05-57.jpeg,1080,1440,1,331,247,346,275,10
KakaoTalk_Photo_2022-02-17-14-18-05-57.jpeg,1080,1440,1,370,533,386,560,10
KakaoTalk_Photo_2022-02-17-14-18-05-57.jpeg,1080,1440,1,363,671,375,701,10
KakaoTalk_Photo_2022-02-17-14-18-05-57.jpeg,1080,1440,1,517,666,526,691,10
KakaoTalk_Photo_2022-02-17-14-18-05-57.jpeg,1080,1440,1,420,443,432,465,10
KakaoTalk_Photo_2022-02-17-14-18-05-57.jpeg,1080,1440,1,701,444,714,468,10
KakaoTalk_Photo_2022-02-17-14-18-05-57.jpeg,1080,1440,1,857,318,866,346,10
KakaoTalk_Photo_2022-02-17-14-18-05-57.jpeg,1080,1440,1,689,601,705,627,10
KakaoTalk_Photo_2022-02-17-14-18-05-57.jpeg,1080,1440,1,526,703,538,728,10
KakaoTalk_Photo_2022-02-17-14-18-05-57.jpeg,1080,1440,0,297,237,319,269,10
KakaoTalk_Photo_2022-02-17-14-18-05-57.jpeg,1080,1440,0,377,678,394,703,10
KakaoTalk_Photo_2022-02-17-14-18-05-57.jpeg,1080,1440,0,530,606,547,622,10
KakaoTalk_Photo_2022-02-17-14-18-05-57.jpeg,1080,1440,0,538,707,553,727,10
KakaoTalk_Photo_2022-02-17-14-18-05-57.jpeg,1080,1440,0,707,699,720,716,10
KakaoTalk_Photo_2022-02-17-14-18-05-57.jpeg,1080,1440,0,920,669,933,685,10
KakaoTalk_Photo_2022-02-17-14-18-05-57.jpeg,1080,1440,0,386,538,401,561,10
KakaoTalk_Photo_2022-02-17-14-18-05-41.jpeg,1080,1440,9,358,581,371,610,11
KakaoTalk_Photo_2022-02-17-14-18-05-41.jpeg,1080,1440,7,351,710,364,730,11
KakaoTalk_Photo_2022-02-17-14-18-05-41.jpeg,1080,1440,6,352,676,361,697,11
KakaoTalk_Photo_2022-02-17-14-18-05-41.jpeg,1080,1440,5,345,640,367,662,11
KakaoTalk_Photo_2022-02-17-14-18-05-41.jpeg,1080,1440,5,337,580,353,602,11
KakaoTalk_Photo_2022-02-17-14-18-05-41.jpeg,1080,1440,4,281,544,296,567,11
KakaoTalk_Photo_2022-02-17-14-18-05-41.jpeg,1080,1440,3,306,485,320,517,11
KakaoTalk_Photo_2022-02-17-14-18-05-41.jpeg,1080,1440,3,295,547,303,566,11
KakaoTalk_Photo_2022-02-17-14-18-05-41.jpeg,1080,1440,3,317,643,329,665,11
KakaoTalk_Photo_2022-02-17-14-18-05-41.jpeg,1080,1440,2,259,486,272,515,11
KakaoTalk_Photo_2022-02-17-14-18-05-41.jpeg,1080,1440,2,283,714,300,730,11
KakaoTalk_Photo_2022-02-17-14-18-05-41.jpeg,1080,1440,2,359,543,372,563,11
KakaoTalk_Photo_2022-02-17-14-18-05-41.jpeg,1080,1440,2,303,644,317,660,11
KakaoTalk_Photo_2022-02-17-14-18-05-41.jpeg,1080,1440,2,324,587,336,599,11
KakaoTalk_Photo_2022-02-17-14-18-05-41.jpeg,1080,1440,1,280,484,289,515,11
KakaoTalk_Photo_2022-02-17-14-18-05-41.jpeg,1080,1440,1,292,486,302,515,11
KakaoTalk_Photo_2022-02-17-14-18-05-41.jpeg,1080,1440,1,288,588,297,600,11
KakaoTalk_Photo_2022-02-17-14-18-05-41.jpeg,1080,1440,1,344,547,351,568,11
KakaoTalk_Photo_2022-02-17-14-18-05-41.jpeg,1080,1440,1,285,680,293,696,11
KakaoTalk_Photo_2022-02-17-14-18-05-41.jpeg,1080,1440,1,294,680,302,695,11
KakaoTalk_Photo_2022-02-17-14-18-05-41.jpeg,1080,1440,1,340,680,349,696,11
KakaoTalk_Photo_2022-02-17-14-18-05-41.jpeg,1080,1440,1,335,714,345,728,11
KakaoTalk_Photo_2022-02-17-14-18-05-41.jpeg,1080,1440,0,298,588,311,600,11
KakaoTalk_Photo_2022-02-17-14-18-05-55.jpeg,1080,1440,9,179,639,200,662,12
KakaoTalk_Photo_2022-02-17-14-18-05-55.jpeg,1080,1440,9,211,638,233,663,12
KakaoTalk_Photo_2022-02-17-14-18-05-55.jpeg,1080,1440,9,228,521,241,553,12
KakaoTalk_Photo_2022-02-17-14-18-05-55.jpeg,1080,1440,8,871,300,900,344,12
KakaoTalk_Photo_2022-02-17-14-18-05-55.jpeg,1080,1440,7,216,596,234,619,12
KakaoTalk_Photo_2022-02-17-14-18-05-55.jpeg,1080,1440,7,319,626,338,658,12
KakaoTalk_Photo_2022-02-17-14-18-05-55.jpeg,1080,1440,7,973,341,1007,395,12
KakaoTalk_Photo_2022-02-17-14-18-05-55.jpeg,1080,1440,7,1007,345,1031,395,12
KakaoTalk_Photo_2022-02-17-14-18-05-55.jpeg,1080,1440,6,187,599,202,622,12
KakaoTalk_Photo_2022-02-17-14-18-05-55.jpeg,1080,1440,6,265,521,286,554,12
KakaoTalk_Photo_2022-02-17-14-18-05-55.jpeg,1080,1440,5,173,526,194,552,12
KakaoTalk_Photo_2022-02-17-14-18-05-55.jpeg,1080,1440,5,310,596,331,619,12
KakaoTalk_Photo_2022-02-17-14-18-05-55.jpeg,1080,1440,5,904,296,933,345,12
KakaoTalk_Photo_2022-02-17-14-18-05-55.jpeg,1080,1440,4,311,522,334,554,12
KakaoTalk_Photo_2022-02-17-14-18-05-55.jpeg,1080,1440,2,288,703,303,727,12
KakaoTalk_Photo_2022-02-17-14-18-05-55.jpeg,1080,1440,1,267,663,280,695,12
KakaoTalk_Photo_2022-02-17-14-18-05-55.jpeg,1080,1440,1,274,634,284,655,12
KakaoTalk_Photo_2022-02-17-14-18-05-55.jpeg,1080,1440,1,295,525,309,547,12
KakaoTalk_Photo_2022-02-17-14-18-05-55.jpeg,1080,1440,1,853,304,869,350,12
KakaoTalk_Photo_2022-02-17-14-18-05-55.jpeg,1080,1440,0,279,669,295,689,12
KakaoTalk_Photo_2022-02-17-14-18-05-55.jpeg,1080,1440,0,287,638,303,658,12
KakaoTalk_Photo_2022-02-17-14-18-05-54.jpeg,1080,1440,0,264,895,282,916,13
KakaoTalk_Photo_2022-02-17-14-18-05-54.jpeg,1080,1440,0,389,795,406,813,13
KakaoTalk_Photo_2022-02-17-14-18-05-54.jpeg,1080,1440,0,427,903,444,922,13
KakaoTalk_Photo_2022-02-17-14-18-05-54.jpeg,1080,1440,0,383,830,398,846,13
KakaoTalk_Photo_2022-02-17-14-18-05-54.jpeg,1080,1440,0,318,563,336,583,13
KakaoTalk_Photo_2022-02-17-14-18-05-54.jpeg,1080,1440,1,178,842,190,867,13
KakaoTalk_Photo_2022-02-17-14-18-05-54.jpeg,1080,1440,1,252,891,261,920,13
KakaoTalk_Photo_2022-02-17-14-18-05-54.jpeg,1080,1440,1,429,692,438,708,13
KakaoTalk_Photo_2022-02-17-14-18-05-54.jpeg,1080,1440,1,369,719,379,737,13
KakaoTalk_Photo_2022-02-17-14-18-05-54.jpeg,1080,1440,1,407,760,418,778,13
KakaoTalk_Photo_2022-02-17-14-18-05-54.jpeg,1080,1440,1,417,792,427,811,13
KakaoTalk_Photo_2022-02-17-14-18-05-54.jpeg,1080,1440,1,363,896,373,920,13
KakaoTalk_Photo_2022-02-17-14-18-05-54.jpeg,1080,1440,1,376,794,386,810,13
KakaoTalk_Photo_2022-02-17-14-18-05-54.jpeg,1080,1440,1,372,825,380,846,13
KakaoTalk_Photo_2022-02-17-14-18-05-54.jpeg,1080,1440,1,202,888,210,911,13
KakaoTalk_Photo_2022-02-17-14-18-05-54.jpeg,1080,1440,1,363,858,374,881,13
KakaoTalk_Photo_2022-02-17-14-18-05-54.jpeg,1080,1440,2,219,809,238,833,13
KakaoTalk_Photo_2022-02-17-14-18-05-54.jpeg,1080,1440,2,190,845,207,871,13
KakaoTalk_Photo_2022-02-17-14-18-05-54.jpeg,1080,1440,2,376,897,396,921,13
KakaoTalk_Photo_2022-02-17-14-18-05-54.jpeg,1080,1440,2,411,685,428,706,13
KakaoTalk_Photo_2022-02-17-14-18-05-54.jpeg,1080,1440,2,419,761,436,777,13
KakaoTalk_Photo_2022-02-17-14-18-05-54.jpeg,1080,1440,2,891,858,903,876,13
KakaoTalk_Photo_2022-02-17-14-18-05-54.jpeg,1080,1440,2,903,860,916,876,13
KakaoTalk_Photo_2022-02-17-14-18-05-54.jpeg,1080,1440,2,219,543,234,564,13
KakaoTalk_Photo_2022-02-17-14-18-05-54.jpeg,1080,1440,2,301,556,317,576,13
KakaoTalk_Photo_2022-02-17-14-18-05-54.jpeg,1080,1440,3,241,809,258,839,13
KakaoTalk_Photo_2022-02-17-14-18-05-54.jpeg,1080,1440,4,176,803,203,836,13
KakaoTalk_Photo_2022-02-17-14-18-05-54.jpeg,1080,1440,4,171,887,194,916,13
KakaoTalk_Photo_2022-02-17-14-18-05-54.jpeg,1080,1440,4,428,791,444,814,13
KakaoTalk_Photo_2022-02-17-14-18-05-54.jpeg,1080,1440,4,429,725,445,749,13
KakaoTalk_Photo_2022-02-17-14-18-05-54.jpeg,1080,1440,4,872,835,886,862,13
KakaoTalk_Photo_2022-02-17-14-18-05-54.jpeg,1080,1440,5,264,547,288,577,13
KakaoTalk_Photo_2022-02-17-14-18-05-54.jpeg,1080,1440,5,846,641,869,677,13
KakaoTalk_Photo_2022-02-17-14-18-05-54.jpeg,1080,1440,6,382,681,399,706,13
KakaoTalk_Photo_2022-02-17-14-18-05-54.jpeg,1080,1440,6,828,636,845,675,13
KakaoTalk_Photo_2022-02-17-14-18-05-54.jpeg,1080,1440,6,212,892,230,917,13
KakaoTalk_Photo_2022-02-17-14-18-05-54.jpeg,1080,1440,6,255,846,269,870,13
KakaoTalk_Photo_2022-02-17-14-18-05-54.jpeg,1080,1440,7,839,606,857,640,13
KakaoTalk_Photo_2022-02-17-14-18-05-54.jpeg,1080,1440,7,380,756,398,782,13
KakaoTalk_Photo_2022-02-17-14-18-05-54.jpeg,1080,1440,7,415,725,430,744,13
KakaoTalk_Photo_2022-02-17-14-18-05-54.jpeg,1080,1440,9,397,723,412,743,13
KakaoTalk_Photo_2022-02-17-14-18-05-50.jpeg,1080,1440,9,295,442,316,477,14
KakaoTalk_Photo_2022-02-17-14-18-05-50.jpeg,1080,1440,9,214,438,233,469,14
KakaoTalk_Photo_2022-02-17-14-18-05-50.jpeg,1080,1440,9,483,508,504,543,14
KakaoTalk_Photo_2022-02-17-14-18-05-50.jpeg,1080,1440,9,276,853,296,880,14
KakaoTalk_Photo_2022-02-17-14-18-05-50.jpeg,1080,1440,9,293,752,311,780,14
KakaoTalk_Photo_2022-02-17-14-18-05-50.jpeg,1080,1440,9,179,639,199,673,14
KakaoTalk_Photo_2022-02-17-14-18-05-50.jpeg,1080,1440,8,297,648,322,681,14
KakaoTalk_Photo_2022-02-17-14-18-05-50.jpeg,1080,1440,8,287,681,303,701,14
KakaoTalk_Photo_2022-02-17-14-18-05-50.jpeg,1080,1440,8,300,717,319,747,14
KakaoTalk_Photo_2022-02-17-14-18-05-50.jpeg,1080,1440,8,310,817,324,844,14
KakaoTalk_Photo_2022-02-17-14-18-05-50.jpeg,1080,1440,8,404,656,424,686,14
KakaoTalk_Photo_2022-02-17-14-18-05-50.jpeg,1080,1440,7,380,825,395,851,14
KakaoTalk_Photo_2022-02-17-14-18-05-50.jpeg,1080,1440,7,391,691,402,714,14
KakaoTalk_Photo_2022-02-17-14-18-05-50.jpeg,1080,1440,7,519,641,535,661,14
KakaoTalk_Photo_2022-02-17-14-18-05-50.jpeg,1080,1440,7,860,727,873,748,14
KakaoTalk_Photo_2022-02-17-14-18-05-50.jpeg,1080,1440,6,184,599,202,635,14
KakaoTalk_Photo_2022-02-17-14-18-05-50.jpeg,1080,1440,6,336,822,351,850,14
KakaoTalk_Photo_2022-02-17-14-18-05-50.jpeg,1080,1440,6,520,576,538,602,14
KakaoTalk_Photo_2022-02-17-14-18-05-50.jpeg,1080,1440,5,187,532,208,568,14
KakaoTalk_Photo_2022-02-17-14-18-05-50.jpeg,1080,1440,5,322,552,342,584,14
KakaoTalk_Photo_2022-02-17-14-18-05-50.jpeg,1080,1440,5,344,657,366,689,14
KakaoTalk_Photo_2022-02-17-14-18-05-50.jpeg,1080,1440,5,343,688,359,710,14
KakaoTalk_Photo_2022-02-17-14-18-05-50.jpeg,1080,1440,5,841,458,866,504,14
KakaoTalk_Photo_2022-02-17-14-18-05-50.jpeg,1080,1440,5,307,616,334,644,14
KakaoTalk_Photo_2022-02-17-14-18-05-50.jpeg,1080,1440,4,209,643,235,674,14
KakaoTalk_Photo_2022-02-17-14-18-05-50.jpeg,1080,1440,4,561,672,578,697,14
KakaoTalk_Photo_2022-02-17-14-18-05-50.jpeg,1080,1440,4,866,466,895,517,14
KakaoTalk_Photo_2022-02-17-14-18-05-50.jpeg,1080,1440,4,430,505,458,535,14
KakaoTalk_Photo_2022-02-17-14-18-05-50.jpeg,1080,1440,4,563,616,579,634,14
KakaoTalk_Photo_2022-02-17-14-18-05-50.jpeg,1080,1440,3,405,621,420,654,14
KakaoTalk_Photo_2022-02-17-14-18-05-50.jpeg,1080,1440,3,253,710,274,738,14
KakaoTalk_Photo_2022-02-17-14-18-05-50.jpeg,1080,1440,2,171,434,188,456,14
KakaoTalk_Photo_2022-02-17-14-18-05-50.jpeg,1080,1440,2,355,565,372,584,14
KakaoTalk_Photo_2022-02-17-14-18-05-50.jpeg,1080,1440,2,388,564,418,585,14
KakaoTalk_Photo_2022-02-17-14-18-05-50.jpeg,1080,1440,2,230,548,258,567,14
KakaoTalk_Photo_2022-02-17-14-18-05-50.jpeg,1080,1440,2,221,606,247,630,14
KakaoTalk_Photo_2022-02-17-14-18-05-50.jpeg,1080,1440,2,289,817,309,845,14
KakaoTalk_Photo_2022-02-17-14-18-05-50.jpeg,1080,1440,2,387,624,405,643,14
KakaoTalk_Photo_2022-02-17-14-18-05-50.jpeg,1080,1440,2,349,629,369,647,14
KakaoTalk_Photo_2022-02-17-14-18-05-50.jpeg,1080,1440,2,551,580,570,598,14
KakaoTalk_Photo_2022-02-17-14-18-05-50.jpeg,1080,1440,2,348,723,363,745,14
KakaoTalk_Photo_2022-02-17-14-18-05-50.jpeg,1080,1440,2,553,642,571,663,14
KakaoTalk_Photo_2022-02-17-14-18-05-50.jpeg,1080,1440,1,264,652,280,677,14
KakaoTalk_Photo_2022-02-17-14-18-05-50.jpeg,1080,1440,1,267,617,279,638,14
KakaoTalk_Photo_2022-02-17-14-18-05-50.jpeg,1080,1440,1,248,446,257,470,14
KakaoTalk_Photo_2022-02-17-14-18-05-50.jpeg,1080,1440,1,849,520,859,547,14
KakaoTalk_Photo_2022-02-17-14-18-05-50.jpeg,1080,1440,1,259,680,269,702,14
KakaoTalk_Photo_2022-02-17-14-18-05-50.jpeg,1080,1440,1,248,816,264,841,14
KakaoTalk_Photo_2022-02-17-14-18-05-50.jpeg,1080,1440,1,513,667,522,686,14
KakaoTalk_Photo_2022-02-17-14-18-05-50.jpeg,1080,1440,0,360,860,376,882,14
KakaoTalk_Photo_2022-02-17-14-18-05-50.jpeg,1080,1440,0,262,450,280,468,14
KakaoTalk_Photo_2022-02-17-14-18-05-50.jpeg,1080,1440,0,817,472,836,495,14
KakaoTalk_Photo_2022-02-17-14-18-05-50.jpeg,1080,1440,0,525,670,542,690,14
KakaoTalk_Photo_2022-02-17-14-18-05-50.jpeg,1080,1440,0,819,515,841,541,14
KakaoTalk_Photo_2022-02-17-14-18-05-50.jpeg,1080,1440,0,866,520,888,548,14
KakaoTalk_Photo_2022-02-17-14-18-05-78.jpeg,1080,1440,9,573,654,596,679,15
KakaoTalk_Photo_2022-02-17-14-18-05-78.jpeg,1080,1440,8,923,560,966,606,15
KakaoTalk_Photo_2022-02-17-14-18-05-78.jpeg,1080,1440,7,939,515,967,554,15
KakaoTalk_Photo_2022-02-17-14-18-05-78.jpeg,1080,1440,7,966,572,999,609,15
KakaoTalk_Photo_2022-02-17-14-18-05-78.jpeg,1080,1440,7,645,633,662,656,15
KakaoTalk_Photo_2022-02-17-14-18-05-78.jpeg,1080,1440,7,557,683,583,710,15
KakaoTalk_Photo_2022-02-17-14-18-05-78.jpeg,1080,1440,7,635,700,655,724,15
KakaoTalk_Photo_2022-02-17-14-18-05-78.jpeg,1080,1440,6,974,513,999,558,15
KakaoTalk_Photo_2022-02-17-14-18-05-78.jpeg,1080,1440,6,551,616,573,642,15
KakaoTalk_Photo_2022-02-17-14-18-05-78.jpeg,1080,1440,6,321,669,341,699,15
KakaoTalk_Photo_2022-02-17-14-18-05-78.jpeg,1080,1440,6,324,857,344,887,15
KakaoTalk_Photo_2022-02-17-14-18-05-78.jpeg,1080,1440,6,436,590,453,620,15
KakaoTalk_Photo_2022-02-17-14-18-05-78.jpeg,1080,1440,6,419,642,441,675,15
KakaoTalk_Photo_2022-02-17-14-18-05-78.jpeg,1080,1440,5,599,624,620,653,15
KakaoTalk_Photo_2022-02-17-14-18-05-78.jpeg,1080,1440,5,686,740,701,764,15
KakaoTalk_Photo_2022-02-17-14-18-05-78.jpeg,1080,1440,5,364,675,384,709,15
KakaoTalk_Photo_2022-02-17-14-18-05-78.jpeg,1080,1440,4,283,442,307,476,15
KakaoTalk_Photo_2022-02-17-14-18-05-78.jpeg,1080,1440,4,267,663,294,693,15
KakaoTalk_Photo_2022-02-17-14-18-05-78.jpeg,1080,1440,4,625,797,643,822,15
KakaoTalk_Photo_2022-02-17-14-18-05-78.jpeg,1080,1440,3,766,617,794,646,15
KakaoTalk_Photo_2022-02-17-14-18-05-78.jpeg,1080,1440,2,204,435,226,456,15
KakaoTalk_Photo_2022-02-17-14-18-05-78.jpeg,1080,1440,2,242,441,259,461,15
KakaoTalk_Photo_2022-02-17-14-18-05-78.jpeg,1080,1440,2,314,459,333,482,15
KakaoTalk_Photo_2022-02-17-14-18-05-78.jpeg,1080,1440,2,322,637,354,658,15
KakaoTalk_Photo_2022-02-17-14-18-05-78.jpeg,1080,1440,2,370,645,392,670,15
KakaoTalk_Photo_2022-02-17-14-18-05-78.jpeg,1080,1440,2,601,590,634,619,15
KakaoTalk_Photo_2022-02-17-14-18-05-78.jpeg,1080,1440,2,627,833,644,857,15
KakaoTalk_Photo_2022-02-17-14-18-05-78.jpeg,1080,1440,2,202,651,232,677,15
KakaoTalk_Photo_2022-02-17-14-18-05-78.jpeg,1080,1440,1,439,560,457,585,15
KakaoTalk_Photo_2022-02-17-14-18-05-78.jpeg,1080,1440,1,386,585,401,609,15
KakaoTalk_Photo_2022-02-17-14-18-05-78.jpeg,1080,1440,1,275,630,293,655,15
KakaoTalk_Photo_2022-02-17-14-18-05-78.jpeg,1080,1440,1,429,691,439,723,15
KakaoTalk_Photo_2022-02-17-14-18-05-78.jpeg,1080,1440,1,342,901,361,933,15
KakaoTalk_Photo_2022-02-17-14-18-05-78.jpeg,1080,1440,1,370,863,385,893,15
KakaoTalk_Photo_2022-02-17-14-18-05-78.jpeg,1080,1440,1,620,766,633,790,15
KakaoTalk_Photo_2022-02-17-14-18-05-78.jpeg,1080,1440,1,616,831,626,860,15
KakaoTalk_Photo_2022-02-17-14-18-05-78.jpeg,1080,1440,1,541,710,560,737,15
KakaoTalk_Photo_2022-02-17-14-18-05-78.jpeg,1080,1440,3,681,706,700,729,15
KakaoTalk_Photo_2022-02-17-14-18-05-78.jpeg,1080,1440,3,690,678,703,701,15
KakaoTalk_Photo_2022-02-17-14-18-05-78.jpeg,1080,1440,3,645,671,657,693,15
KakaoTalk_Photo_2022-02-17-14-18-05-78.jpeg,1080,1440,0,385,869,404,891,15
KakaoTalk_Photo_2022-02-17-14-18-05-78.jpeg,1080,1440,0,898,516,932,545,15
KakaoTalk_Photo_2022-02-17-14-18-05-78.jpeg,1080,1440,0,890,565,924,599,15
KakaoTalk_Photo_2022-02-17-14-18-05-78.jpeg,1080,1440,0,333,466,348,484,15
KakaoTalk_Photo_2022-02-17-14-18-05-78.jpeg,1080,1440,0,635,769,647,786,15
KakaoTalk_Photo_2022-02-17-14-18-05-78.jpeg,1080,1440,2,334,572,350,589,15
KakaoTalk_Photo_2022-02-17-14-18-05-78.jpeg,1080,1440,2,349,573,374,590,15
KakaoTalk_Photo_2022-02-17-14-18-05-79.jpeg,1080,1440,0,169,379,192,403,16
KakaoTalk_Photo_2022-02-17-14-18-05-79.jpeg,1080,1440,0,230,383,254,406,16
KakaoTalk_Photo_2022-02-17-14-18-05-79.jpeg,1080,1440,1,206,381,225,402,16
KakaoTalk_Photo_2022-02-17-14-18-05-79.jpeg,1080,1440,1,415,444,429,464,16
KakaoTalk_Photo_2022-02-17-14-18-05-79.jpeg,1080,1440,2,141,374,166,399,16
KakaoTalk_Photo_2022-02-17-14-18-05-79.jpeg,1080,1440,2,388,441,416,466,16
KakaoTalk_Photo_2022-02-17-14-18-05-79.jpeg,1080,1440,2,178,503,200,523,16
KakaoTalk_Photo_2022-02-17-14-18-05-79.jpeg,1080,1440,2,163,577,184,602,16
KakaoTalk_Photo_2022-02-17-14-18-05-79.jpeg,1080,1440,2,164,610,191,638,16
KakaoTalk_Photo_2022-02-17-14-18-05-79.jpeg,1080,1440,3,196,539,216,570,16
KakaoTalk_Photo_2022-02-17-14-18-05-79.jpeg,1080,1440,3,879,403,916,453,16
KakaoTalk_Photo_2022-02-17-14-18-05-79.jpeg,1080,1440,3,265,383,290,412,16
KakaoTalk_Photo_2022-02-17-14-18-05-79.jpeg,1080,1440,3,175,541,197,569,16
KakaoTalk_Photo_2022-02-17-14-18-05-79.jpeg,1080,1440,3,185,575,212,603,16
KakaoTalk_Photo_2022-02-17-14-18-05-79.jpeg,1080,1440,3,139,539,155,562,16
KakaoTalk_Photo_2022-02-17-14-18-05-79.jpeg,1080,1440,5,448,443,474,473,16
KakaoTalk_Photo_2022-02-17-14-18-05-79.jpeg,1080,1440,5,191,611,207,640,16
KakaoTalk_Photo_2022-02-17-14-18-05-79.jpeg,1080,1440,6,947,412,976,455,16
KakaoTalk_Photo_2022-02-17-14-18-05-79.jpeg,1080,1440,7,141,498,172,525,16
KakaoTalk_Photo_2022-02-17-14-18-05-79.jpeg,1080,1440,7,500,447,527,477,16
KakaoTalk_Photo_2022-02-17-14-18-05-79.jpeg,1080,1440,7,132,574,157,599,16
KakaoTalk_Photo_2022-02-17-14-18-05-79.jpeg,1080,1440,8,979,420,1008,459,16
KakaoTalk_Photo_2022-02-17-14-18-05-79.jpeg,1080,1440,9,157,540,174,566,16
KakaoTalk_Photo_2022-02-17-14-18-05-51.jpeg,1080,1440,0,259,769,280,791,17
KakaoTalk_Photo_2022-02-17-14-18-05-51.jpeg,1080,1440,0,313,658,330,683,17
KakaoTalk_Photo_2022-02-17-14-18-05-51.jpeg,1080,1440,0,894,655,908,669,17
KakaoTalk_Photo_2022-02-17-14-18-05-51.jpeg,1080,1440,0,385,565,402,581,17
KakaoTalk_Photo_2022-02-17-14-18-05-51.jpeg,1080,1440,0,383,598,400,615,17
KakaoTalk_Photo_2022-02-17-14-18-05-51.jpeg,1080,1440,1,320,328,330,351,17
KakaoTalk_Photo_2022-02-17-14-18-05-51.jpeg,1080,1440,1,355,662,367,685,17
KakaoTalk_Photo_2022-02-17-14-18-05-51.jpeg,1080,1440,1,368,665,377,690,17
KakaoTalk_Photo_2022-02-17-14-18-05-51.jpeg,1080,1440,1,262,647,270,674,17
KakaoTalk_Photo_2022-02-17-14-18-05-51.jpeg,1080,1440,1,370,560,381,578,17
KakaoTalk_Photo_2022-02-17-14-18-05-51.jpeg,1080,1440,1,370,592,382,617,17
KakaoTalk_Photo_2022-02-17-14-18-05-51.jpeg,1080,1440,1,283,728,297,758,17
KakaoTalk_Photo_2022-02-17-14-18-05-51.jpeg,1080,1440,1,447,464,460,484,17
KakaoTalk_Photo_2022-02-17-14-18-05-51.jpeg,1080,1440,1,877,742,887,761,17
KakaoTalk_Photo_2022-02-17-14-18-05-51.jpeg,1080,1440,1,905,754,914,772,17
KakaoTalk_Photo_2022-02-17-14-18-05-51.jpeg,1080,1440,2,271,649,288,673,17
KakaoTalk_Photo_2022-02-17-14-18-05-51.jpeg,1080,1440,2,424,460,447,479,17
KakaoTalk_Photo_2022-02-17-14-18-05-51.jpeg,1080,1440,2,371,629,393,654,17
KakaoTalk_Photo_2022-02-17-14-18-05-51.jpeg,1080,1440,2,427,533,445,550,17
KakaoTalk_Photo_2022-02-17-14-18-05-51.jpeg,1080,1440,3,381,489,394,512,17
KakaoTalk_Photo_2022-02-17-14-18-05-51.jpeg,1080,1440,4,427,567,450,594,17
KakaoTalk_Photo_2022-02-17-14-18-05-51.jpeg,1080,1440,5,278,315,305,346,17
KakaoTalk_Photo_2022-02-17-14-18-05-51.jpeg,1080,1440,5,270,583,289,604,17
KakaoTalk_Photo_2022-02-17-14-18-05-51.jpeg,1080,1440,5,957,645,970,663,17
KakaoTalk_Photo_2022-02-17-14-18-05-51.jpeg,1080,1440,6,246,717,266,747,17
KakaoTalk_Photo_2022-02-17-14-18-05-51.jpeg,1080,1440,6,393,454,413,481,17
KakaoTalk_Photo_2022-02-17-14-18-05-51.jpeg,1080,1440,7,322,584,342,605,17
KakaoTalk_Photo_2022-02-17-14-18-05-51.jpeg,1080,1440,7,338,325,360,357,17
KakaoTalk_Photo_2022-02-17-14-18-05-51.jpeg,1080,1440,7,296,733,318,759,17
KakaoTalk_Photo_2022-02-17-14-18-05-51.jpeg,1080,1440,7,414,499,428,517,17
KakaoTalk_Photo_2022-02-17-14-18-05-51.jpeg,1080,1440,8,980,735,998,761,17
KakaoTalk_Photo_2022-02-17-14-18-05-51.jpeg,1080,1440,4,431,498,451,521,17
KakaoTalk_Photo_2022-02-17-14-18-05-51.jpeg,1080,1440,7,985,671,997,691,17
KakaoTalk_Photo_2022-02-17-14-18-05-51.jpeg,1080,1440,6,911,678,923,694,17
KakaoTalk_Photo_2022-02-17-14-18-05-45.jpeg,1080,1440,0,428,838,445,858,18
KakaoTalk_Photo_2022-02-17-14-18-05-45.jpeg,1080,1440,0,255,396,274,416,18
KakaoTalk_Photo_2022-02-17-14-18-05-45.jpeg,1080,1440,0,400,764,417,779,18
KakaoTalk_Photo_2022-02-17-14-18-05-45.jpeg,1080,1440,0,458,666,473,682,18
KakaoTalk_Photo_2022-02-17-14-18-05-45.jpeg,1080,1440,0,448,694,468,713,18
KakaoTalk_Photo_2022-02-17-14-18-05-45.jpeg,1080,1440,0,952,467,976,495,18
KakaoTalk_Photo_2022-02-17-14-18-05-45.jpeg,1080,1440,0,961,516,982,541,18
KakaoTalk_Photo_2022-02-17-14-18-05-45.jpeg,1080,1440,0,997,766,1013,782,18
KakaoTalk_Photo_2022-02-17-14-18-05-45.jpeg,1080,1440,0,562,787,578,802,18
KakaoTalk_Photo_2022-02-17-14-18-05-45.jpeg,1080,1440,0,574,720,587,737,18
KakaoTalk_Photo_2022-02-17-14-18-05-45.jpeg,1080,1440,0,582,690,595,702,18
KakaoTalk_Photo_2022-02-17-14-18-05-45.jpeg,1080,1440,0,902,834,912,847,18
KakaoTalk_Photo_2022-02-17-14-18-05-45.jpeg,1080,1440,0,898,765,908,778,18
KakaoTalk_Photo_2022-02-17-14-18-05-45.jpeg,1080,1440,1,275,398,288,424,18
KakaoTalk_Photo_2022-02-17-14-18-05-45.jpeg,1080,1440,1,327,411,337,431,18
KakaoTalk_Photo_2022-02-17-14-18-05-45.jpeg,1080,1440,1,231,625,241,657,18
KakaoTalk_Photo_2022-02-17-14-18-05-45.jpeg,1080,1440,1,266,632,279,661,18
KakaoTalk_Photo_2022-02-17-14-18-05-45.jpeg,1080,1440,1,224,663,233,686,18
KakaoTalk_Photo_2022-02-17-14-18-05-45.jpeg,1080,1440,1,249,668,260,691,18
KakaoTalk_Photo_2022-02-17-14-18-05-45.jpeg,1080,1440,1,194,806,205,832,18
KakaoTalk_Photo_2022-02-17-14-18-05-45.jpeg,1080,1440,1,245,818,255,840,18
KakaoTalk_Photo_2022-02-17-14-18-05-45.jpeg,1080,1440,1,209,846,216,874,18
KakaoTalk_Photo_2022-02-17-14-18-05-45.jpeg,1080,1440,1,220,853,231,878,18
KakaoTalk_Photo_2022-02-17-14-18-05-45.jpeg,1080,1440,1,416,552,429,575,18
KakaoTalk_Photo_2022-02-17-14-18-05-45.jpeg,1080,1440,1,386,759,397,780,18
KakaoTalk_Photo_2022-02-17-14-18-05-45.jpeg,1080,1440,1,616,586,630,602,18
KakaoTalk_Photo_2022-02-17-14-18-05-45.jpeg,1080,1440,1,889,760,898,780,18
KakaoTalk_Photo_2022-02-17-14-18-05-45.jpeg,1080,1440,1,889,833,898,852,18
KakaoTalk_Photo_2022-02-17-14-18-05-45.jpeg,1080,1440,1,443,618,453,644,18
KakaoTalk_Photo_2022-02-17-14-18-05-45.jpeg,1080,1440,1,277,746,284,767,18
KakaoTalk_Photo_2022-02-17-14-18-05-45.jpeg,1080,1440,1,286,747,292,765,18
KakaoTalk_Photo_2022-02-17-14-18-05-45.jpeg,1080,1440,1,392,719,402,749,18
KakaoTalk_Photo_2022-02-17-14-18-05-45.jpeg,1080,1440,1,569,612,585,633,18
KakaoTalk_Photo_2022-02-17-14-18-05-45.jpeg,1080,1440,1,620,791,629,812,18
KakaoTalk_Photo_2022-02-17-14-18-05-45.jpeg,1080,1440,2,233,394,253,415,18
KakaoTalk_Photo_2022-02-17-14-18-05-45.jpeg,1080,1440,2,346,413,364,435,18
KakaoTalk_Photo_2022-02-17-14-18-05-45.jpeg,1080,1440,2,384,417,406,437,18
KakaoTalk_Photo_2022-02-17-14-18-05-45.jpeg,1080,1440,2,545,494,568,518,18
KakaoTalk_Photo_2022-02-17-14-18-05-45.jpeg,1080,1440,2,258,596,278,618,18
KakaoTalk_Photo_2022-02-17-14-18-05-45.jpeg,1080,1440,2,270,700,290,716,18
KakaoTalk_Photo_2022-02-17-14-18-05-45.jpeg,1080,1440,2,407,621,430,640,18
KakaoTalk_Photo_2022-02-17-14-18-05-45.jpeg,1080,1440,2,437,662,455,683,18
KakaoTalk_Photo_2022-02-17-14-18-05-45.jpeg,1080,1440,2,461,722,483,744,18
KakaoTalk_Photo_2022-02-17-14-18-05-45.jpeg,1080,1440,2,402,725,415,747,18
KakaoTalk_Photo_2022-02-17-14-18-05-45.jpeg,1080,1440,2,567,750,578,770,18
KakaoTalk_Photo_2022-02-17-14-18-05-45.jpeg,1080,1440,2,602,799,614,816,18
KakaoTalk_Photo_2022-02-17-14-18-05-45.jpeg,1080,1440,2,982,763,994,783,18
KakaoTalk_Photo_2022-02-17-14-18-05-45.jpeg,1080,1440,2,985,469,1008,497,18
KakaoTalk_Photo_2022-02-17-14-18-05-45.jpeg,1080,1440,2,1010,473,1047,495,18
KakaoTalk_Photo_2022-02-17-14-18-05-45.jpeg,1080,1440,2,445,558,465,579,18
KakaoTalk_Photo_2022-02-17-14-18-05-45.jpeg,1080,1440,3,202,735,221,761,18
KakaoTalk_Photo_2022-02-17-14-18-05-45.jpeg,1080,1440,3,751,429,780,475,18
KakaoTalk_Photo_2022-02-17-14-18-05-45.jpeg,1080,1440,3,587,613,598,634,18
KakaoTalk_Photo_2022-02-17-14-18-05-45.jpeg,1080,1440,3,616,618,631,640,18
KakaoTalk_Photo_2022-02-17-14-18-05-45.jpeg,1080,1440,4,633,582,655,612,18
KakaoTalk_Photo_2022-02-17-14-18-05-45.jpeg,1080,1440,4,985,513,1009,551,18
KakaoTalk_Photo_2022-02-17-14-18-05-45.jpeg,1080,1440,5,209,698,228,723,18
KakaoTalk_Photo_2022-02-17-14-18-05-45.jpeg,1080,1440,5,455,616,480,649,18
KakaoTalk_Photo_2022-02-17-14-18-05-45.jpeg,1080,1440,5,495,478,516,519,18
KakaoTalk_Photo_2022-02-17-14-18-05-45.jpeg,1080,1440,5,469,550,495,583,18
KakaoTalk_Photo_2022-02-17-14-18-05-45.jpeg,1080,1440,5,397,648,424,685,18
KakaoTalk_Photo_2022-02-17-14-18-05-45.jpeg,1080,1440,5,393,690,410,713,18
KakaoTalk_Photo_2022-02-17-14-18-05-45.jpeg,1080,1440,5,604,657,625,676,18
KakaoTalk_Photo_2022-02-17-14-18-05-45.jpeg,1080,1440,5,786,442,813,489,18
KakaoTalk_Photo_2022-02-17-14-18-05-45.jpeg,1080,1440,5,965,738,982,759,18
KakaoTalk_Photo_2022-02-17-14-18-05-45.jpeg,1080,1440,5,601,525,641,573,18
KakaoTalk_Photo_2022-02-17-14-18-05-45.jpeg,1080,1440,2,566,524,599,566,18
KakaoTalk_Photo_2022-02-17-14-18-05-45.jpeg,1080,1440,2,224,813,240,834,18
KakaoTalk_Photo_2022-02-17-14-18-05-45.jpeg,1080,1440,6,373,827,389,856,18
KakaoTalk_Photo_2022-02-17-14-18-05-45.jpeg,1080,1440,6,1013,510,1030,548,18
KakaoTalk_Photo_2022-02-17-14-18-05-45.jpeg,1080,1440,6,590,576,606,600,18
KakaoTalk_Photo_2022-02-17-14-18-05-45.jpeg,1080,1440,7,442,762,456,789,18
KakaoTalk_Photo_2022-02-17-14-18-05-45.jpeg,1080,1440,7,609,690,632,713,18
KakaoTalk_Photo_2022-02-17-14-18-05-45.jpeg,1080,1440,7,572,493,588,526,18
KakaoTalk_Photo_2022-02-17-14-18-05-45.jpeg,1080,1440,7,411,415,432,455,18
KakaoTalk_Photo_2022-02-17-14-18-05-45.jpeg,1080,1440,8,278,515,302,556,18
KakaoTalk_Photo_2022-02-17-14-18-05-45.jpeg,1080,1440,8,243,740,260,765,18
KakaoTalk_Photo_2022-02-17-14-18-05-45.jpeg,1080,1440,8,605,721,617,741,18
KakaoTalk_Photo_2022-02-17-14-18-05-45.jpeg,1080,1440,8,916,763,934,792,18
KakaoTalk_Photo_2022-02-17-14-18-05-45.jpeg,1080,1440,8,922,833,937,861,18
KakaoTalk_Photo_2022-02-17-14-18-05-45.jpeg,1080,1440,8,635,621,648,640,18
KakaoTalk_Photo_2022-02-17-14-18-05-45.jpeg,1080,1440,7,583,651,596,671,18
KakaoTalk_Photo_2022-02-17-14-18-05-45.jpeg,1080,1440,9,236,511,262,554,18
KakaoTalk_Photo_2022-02-17-14-18-05-45.jpeg,1080,1440,9,229,586,249,619,18
KakaoTalk_Photo_2022-02-17-14-18-05-45.jpeg,1080,1440,9,280,591,297,629,18
KakaoTalk_Photo_2022-02-17-14-18-05-45.jpeg,1080,1440,9,600,617,614,640,18
KakaoTalk_Photo_2022-02-17-14-18-05-45.jpeg,1080,1440,2,431,691,446,711,18
KakaoTalk_Photo_2022-02-17-14-18-05-53.jpeg,1080,1440,9,512,727,526,748,19
KakaoTalk_Photo_2022-02-17-14-18-05-53.jpeg,1080,1440,9,883,892,893,910,19
KakaoTalk_Photo_2022-02-17-14-18-05-53.jpeg,1080,1440,9,882,827,892,844,19
KakaoTalk_Photo_2022-02-17-14-18-05-53.jpeg,1080,1440,8,920,588,943,621,19
KakaoTalk_Photo_2022-02-17-14-18-05-53.jpeg,1080,1440,7,535,793,550,815,19
KakaoTalk_Photo_2022-02-17-14-18-05-53.jpeg,1080,1440,6,501,689,516,716,19
KakaoTalk_Photo_2022-02-17-14-18-05-53.jpeg,1080,1440,5,535,757,554,785,19
KakaoTalk_Photo_2022-02-17-14-18-05-53.jpeg,1080,1440,4,487,854,503,881,19
KakaoTalk_Photo_2022-02-17-14-18-05-53.jpeg,1080,1440,4,543,693,562,721,19
KakaoTalk_Photo_2022-02-17-14-18-05-53.jpeg,1080,1440,3,825,575,852,614,19
KakaoTalk_Photo_2022-02-17-14-18-05-53.jpeg,1080,1440,3,499,723,512,746,19
KakaoTalk_Photo_2022-02-17-14-18-05-53.jpeg,1080,1440,2,488,885,505,906,19
KakaoTalk_Photo_2022-02-17-14-18-05-53.jpeg,1080,1440,2,854,580,877,613,19
KakaoTalk_Photo_2022-02-17-14-18-05-53.jpeg,1080,1440,2,516,825,532,841,19
KakaoTalk_Photo_2022-02-17-14-18-05-53.jpeg,1080,1440,2,525,693,542,715,19
KakaoTalk_Photo_2022-02-17-14-18-05-53.jpeg,1080,1440,1,479,820,490,844,19
KakaoTalk_Photo_2022-02-17-14-18-05-53.jpeg,1080,1440,1,481,789,496,808,19
KakaoTalk_Photo_2022-02-17-14-18-05-53.jpeg,1080,1440,1,517,756,536,778,19
KakaoTalk_Photo_2022-02-17-14-18-05-53.jpeg,1080,1440,1,520,868,528,883,19
KakaoTalk_Photo_2022-02-17-14-18-05-53.jpeg,1080,1440,1,903,590,919,617,19
KakaoTalk_Photo_2022-02-17-14-18-05-53.jpeg,1080,1440,1,520,891,530,913,19
KakaoTalk_Photo_2022-02-17-14-18-05-53.jpeg,1080,1440,1,531,890,537,910,19
KakaoTalk_Photo_2022-02-17-14-18-05-53.jpeg,1080,1440,0,544,732,560,749,19
KakaoTalk_Photo_2022-02-17-14-18-05-53.jpeg,1080,1440,0,491,825,502,838,19
KakaoTalk_Photo_2022-02-17-14-18-05-53.jpeg,1080,1440,0,537,826,554,841,19
KakaoTalk_Photo_2022-02-17-14-18-05-52.jpeg,1080,1440,0,360,770,378,789,20
KakaoTalk_Photo_2022-02-17-14-18-05-52.jpeg,1080,1440,0,358,809,372,822,20
KakaoTalk_Photo_2022-02-17-14-18-05-52.jpeg,1080,1440,1,347,802,356,826,20
KakaoTalk_Photo_2022-02-17-14-18-05-52.jpeg,1080,1440,1,379,737,389,760,20
KakaoTalk_Photo_2022-02-17-14-18-05-52.jpeg,1080,1440,1,390,770,401,790,20
KakaoTalk_Photo_2022-02-17-14-18-05-52.jpeg,1080,1440,1,404,641,422,662,20
KakaoTalk_Photo_2022-02-17-14-18-05-52.jpeg,1080,1440,2,373,676,393,695,20
KakaoTalk_Photo_2022-02-17-14-18-05-52.jpeg,1080,1440,5,270,665,288,694,20
KakaoTalk_Photo_2022-02-17-14-18-05-52.jpeg,1080,1440,5,299,733,314,757,20
KakaoTalk_Photo_2022-02-17-14-18-05-52.jpeg,1080,1440,5,389,736,410,763,20
KakaoTalk_Photo_2022-02-17-14-18-05-52.jpeg,1080,1440,6,274,732,289,754,20
KakaoTalk_Photo_2022-02-17-14-18-05-52.jpeg,1080,1440,6,346,670,364,701,20
KakaoTalk_Photo_2022-02-17-14-18-05-52.jpeg,1080,1440,7,296,767,315,790,20
KakaoTalk_Photo_2022-02-17-14-18-05-52.jpeg,1080,1440,7,351,737,370,762,20
KakaoTalk_Photo_2022-02-17-14-18-05-52.jpeg,1080,1440,8,338,862,356,887,20
KakaoTalk_Photo_2022-02-17-14-18-05-52.jpeg,1080,1440,9,268,766,288,790,20
KakaoTalk_Photo_2022-02-17-14-18-05-52.jpeg,1080,1440,9,397,710,410,732,20
KakaoTalk_Photo_2022-02-17-14-18-05-52.jpeg,1080,1440,9,379,711,395,732,20
KakaoTalk_Photo_2022-02-17-14-18-05-52.jpeg,1080,1440,9,363,709,378,731,20
